Days_since_March1,cases,SGTF_proportion,mean_CT,OR_only,vaccinated
0,0,0.0,0.0,0.0,0.0
1,1,0.0,0.0,0.0,0.0
2,9,0.0,0.0,0.0,0.0
3,7,0.0,0.0,0.0,0.0
4,4,0.0,0.0,0.0,0.0
5,16,0.0,0.0,0.0,0.0
6,5,0.0,0.0,0.0,0.0
7,9,0.0,0.0,0.0,0.0
8,23,0.0,0.0,0.0,0.0
9,34,0.0,0.0,0.0,0.0
10,49,0.0,0.0,0.0,0.0
11,86,0.0,0.0,0.0,0.0
12,55,0.0,0.0,0.0,0.0
13,41,0.0,0.0,0.0,0.0
14,53,0.0,0.0,0.0,0.0
15,78,0.0,0.0,0.0,0.0
16,89,0.0,0.0,0.0,0.0
17,123,0.0,0.0,0.0,0.0
18,126,0.0,0.0,0.0,0.0
19,125,0.0,0.0,0.0,0.0
20,130,0.0,0.0,0.0,0.0
21,169,0.0,0.0,0.0,0.0
22,280,0.0,0.0,0.0,0.0
23,235,0.0,0.0,0.0,0.0
24,303,0.0,0.0,0.0,0.0
25,320,0.0,0.0,0.0,0.0
26,326,0.0,0.0,0.0,0.0
27,337,0.0,0.0,0.0,0.0
28,294,0.0,0.0,0.0,0.0
29,473,0.0,0.0,0.0,0.0
30,470,0.0,0.0,0.0,0.0
31,539,0.0,0.0,0.0,0.0
32,477,0.0,0.0,0.0,0.0
33,511,0.0,0.0,0.0,0.0
34,456,0.0,0.0,0.0,0.0
35,422,0.0,0.0,0.0,0.0
36,587,0.0,0.0,0.0,0.0
37,702,0.0,0.0,0.0,0.0
38,558,0.0,0.0,0.0,0.0
39,522,0.0,0.0,0.0,0.0
40,574,0.0,0.0,0.0,0.0
41,381,0.0,0.0,0.0,0.0
42,474,0.0,0.0,0.0,0.0
43,578,0.0,0.0,0.0,0.0
44,549,0.0,0.0,0.0,0.0
45,711,0.0,0.0,0.0,0.0
46,656,0.0,0.0,0.0,0.0
47,699,0.0,0.0,0.0,0.0
48,519,0.0,0.0,0.0,0.0
49,414,0.0,0.0,0.0,0.0
50,485,0.0,0.0,0.0,0.0
51,631,0.0,0.0,0.0,0.0
52,694,0.0,0.0,0.0,0.0
53,680,0.0,0.0,0.0,0.0
54,657,0.0,0.0,0.0,0.0
55,516,0.0,0.0,0.0,0.0
56,498,0.0,0.0,0.0,0.0
57,554,0.0,0.0,0.0,0.0
58,660,0.0,0.0,0.0,0.0
59,693,0.0,0.0,0.0,0.0
60,647,0.0,0.0,0.0,0.0
61,524,0.0,0.0,0.0,0.0
62,421,0.0,0.0,0.0,0.0
63,365,0.0,0.0,0.0,0.0
64,490,0.0,0.0,0.0,0.0
65,474,0.0,0.0,0.0,0.0
66,447,0.0,0.0,0.0,0.0
67,419,0.0,0.0,0.0,0.0
68,352,0.0,0.0,0.0,0.0
69,248,0.0,0.0,0.0,0.0
70,311,0.0,0.0,0.0,0.0
71,481,0.0,0.0,0.0,0.0
72,415,0.0,0.0,0.0,0.0
73,490,0.0,0.0,0.0,0.0
74,294,0.0,0.0,0.0,0.0
75,263,0.0,0.0,0.0,0.0
76,192,0.0,0.0,0.0,0.0
77,222,0.0,0.0,0.0,0.0
78,359,0.0,0.0,0.0,0.0
79,385,0.0,0.0,0.0,0.0
80,341,0.0,0.0,0.0,0.0
81,306,0.0,0.0,0.0,0.0
82,247,0.0,0.0,0.0,0.0
83,122,0.0,0.0,0.0,0.0
84,150,0.0,0.0,0.0,0.0
85,187,0.0,0.0,0.0,0.0
86,181,0.0,0.0,0.0,0.0
87,203,0.0,0.0,0.0,0.0
88,200,0.0,0.0,0.0,0.0
89,164,0.0,0.0,0.0,0.0
90,133,0.0,0.0,0.0,0.0
91,137,0.0,0.0,0.0,0.0
92,185,0.0,0.0,0.0,0.0
93,221,0.0,0.0,0.0,0.0
94,138,0.0,0.0,0.0,0.0
95,157,0.0,0.0,0.0,0.0
96,141,0.0,0.0,0.0,0.0
97,85,0.0,0.0,0.0,0.0
98,62,0.0,0.0,0.0,0.0
99,122,0.0,0.0,0.0,0.0
100,114,0.0,0.0,0.0,0.0
101,124,0.0,0.0,0.0,0.0
102,94,0.0,0.0,0.0,0.0
103,83,0.0,0.0,0.0,0.0
104,67,0.0,0.0,0.0,0.0
105,73,0.0,0.0,0.0,0.0
106,98,0.0,0.0,0.0,0.0
107,98,0.0,0.0,0.0,0.0
108,86,0.0,0.0,0.0,0.0
109,74,0.0,0.0,0.0,0.0
110,79,0.0,0.0,0.0,0.0
111,64,0.0,0.0,0.0,0.0
112,68,0.0,0.0,0.0,0.0
113,79,0.0,0.0,0.0,0.0
114,60,0.0,0.0,0.0,0.0
115,45,0.0,0.0,0.0,0.0
116,64,0.0,0.0,0.0,0.0
117,67,0.0,0.0,0.0,0.0
118,55,0.0,0.0,0.0,0.0
119,44,0.0,0.0,0.0,0.0
120,78,0.0,0.0,0.0,0.0
121,59,0.0,0.0,0.0,0.0
122,68,0.0,0.0,0.0,0.0
123,60,0.0,0.0,0.0,0.0
124,60,0.0,0.0,0.0,0.0
125,29,0.0,0.0,0.0,0.0
126,58,0.0,0.0,0.0,0.0
127,45,0.0,0.0,0.0,0.0
128,56,0.0,0.0,0.0,0.0
129,82,0.0,0.0,0.0,0.0
130,85,0.0,0.0,0.0,0.0
131,76,0.0,0.0,0.0,0.0
132,35,0.0,0.0,0.0,0.0
133,31,0.0,0.0,0.0,0.0
134,68,0.0,0.0,0.0,0.0
135,64,0.0,0.0,0.0,0.0
136,64,0.0,0.0,0.0,0.0
137,64,0.0,0.0,0.0,0.0
138,49,0.0,0.0,0.0,0.0
139,55,0.0,0.0,0.0,0.0
140,49,0.0,0.0,0.0,0.0
141,88,0.0,0.0,0.0,0.0
142,80,0.0,0.0,0.0,0.0
143,79,0.0,0.0,0.0,0.0
144,78,0.0,0.0,0.0,0.0
145,65,0.0,0.0,0.0,0.0
146,49,0.0,0.0,0.0,0.0
147,37,0.0,0.0,0.0,0.0
148,88,0.0,0.0,0.0,0.0
149,66,0.0,0.0,0.0,0.0
150,81,0.0,0.0,0.0,0.0
151,66,0.0,0.0,0.0,0.0
152,42,0.0,0.0,0.0,0.0
153,30,0.0,0.0,0.0,0.0
154,21,0.0,0.0,0.0,0.0
155,77,0.0,0.0,0.0,0.0
156,74,0.0,0.0,0.0,0.0
157,73,0.0,0.0,0.0,0.0
158,64,0.0,0.0,0.0,0.0
159,56,0.0,0.0,0.0,0.0
160,32,0.0,0.0,0.0,0.0
161,31,0.0,0.0,0.0,0.0
162,119,0.0,0.0,0.0,0.0
163,80,0.0,0.0,0.0,0.0
164,86,0.0,0.0,0.0,0.0
165,76,0.0,0.0,0.0,0.0
166,99,0.0,0.0,0.0,0.0
167,47,0.0,0.0,0.0,0.0
168,37,0.0,0.0,0.0,0.0
169,110,0.0,0.0,0.0,0.0
170,81,0.0,0.0,0.0,0.0
171,118,0.0,0.0,0.0,0.0
172,132,0.0,0.0,0.0,0.0
173,115,0.0,0.0,0.0,0.0
174,83,0.0,0.0,0.0,0.0
175,86,0.0,0.0,0.0,0.0
176,94,0.0,0.0,0.0,0.0
177,95,0.0,0.0,0.0,0.0
178,121,0.0,0.0,0.0,0.0
179,131,0.0,0.0,0.0,0.0
180,118,0.0,0.0,0.0,0.0
181,107,0.0,0.0,0.0,0.0
182,103,0.0,0.0,0.0,0.0
183,123,0.0,0.0,0.0,0.0
184,129,0.0,0.0,0.0,0.0
185,208,0.0,0.0,0.0,0.0
186,231,0.0,0.0,0.0,0.0
187,236,0.0,0.0,0.0,0.0
188,161,0.0,0.0,0.0,0.0
189,181,0.0,0.0,0.0,0.0
190,208,0.0,0.0,0.0,0.0
191,198,0.0,0.0,0.0,0.0
192,171,0.0,0.0,0.0,0.0
193,217,0.0,0.0,0.0,0.0
194,166,0.0,0.0,0.0,0.0
195,140,0.0,0.0,0.0,0.0
196,62,0.0,0.0,0.0,0.0
197,153,0.0,0.0,0.0,0.0
198,138,0.0,0.0,0.0,0.0
199,149,0.0,0.0,0.0,0.0
200,166,0.0,0.0,0.0,0.0
201,201,0.0,0.0,0.0,0.0
202,175,0.0,0.0,0.0,0.0
203,175,0.0,27.8,0.0,0.0
204,228,0.0,27.914285714285715,2.0,0.0
205,267,0.0,28.02857142857143,4.0,0.0
206,259,0.0,28.142857142857142,6.0,0.0
207,294,0.0,28.257142857142856,8.0,0.0
208,321,0.0,28.37142857142857,10.0,0.0
209,218,0.0,28.485714285714284,12.0,0.0
210,269,0.0,28.599999999999998,14.0,0.0
211,376,0.0,28.9,13.857142857142858,0.0
212,351,0.0,29.2,13.714285714285715,0.0
213,493,0.0,29.5,13.571428571428573,0.0
214,525,0.0,29.8,13.42857142857143,0.0
215,642,0.0,30.1,13.285714285714288,0.0
216,546,0.0,30.400000000000002,13.142857142857146,0.0
217,563,0.0,30.700000000000003,13.000000000000004,0.0
218,750,0.0,30.21428571428572,11.571428571428575,0.0
219,688,0.0,29.728571428571435,10.142857142857146,0.0
220,913,0.0,29.24285714285715,8.714285714285717,0.0
221,978,0.0,28.757142857142867,7.285714285714288,0.0
222,785,0.0,28.271428571428583,5.857142857142859,0.0
223,569,0.0,27.7857142857143,4.428571428571431,0.0
224,492,0.0,27.300000000000015,3.0000000000000018,0.0
225,876,0.0,27.100000000000016,2.857142857142859,0.0
226,1045,0.0,26.900000000000016,2.714285714285716,0.0
227,1090,0.0,26.700000000000017,2.5714285714285734,0.0
228,979,0.0,26.500000000000018,2.4285714285714306,0.0
229,970,0.0,26.30000000000002,2.285714285714288,0.0
230,791,0.0,26.10000000000002,2.142857142857145,0.0
231,776,0.0,25.90000000000002,2.000000000000002,0.0
232,1425,0.0,25.685714285714305,2.571428571428574,0.0
233,1629,0.0,25.47142857142859,3.142857142857145,0.0
234,1663,0.0,25.257142857142874,3.714285714285716,0.0
235,1453,0.0,25.04285714285716,4.285714285714287,0.0
236,1444,0.0,24.828571428571443,4.8571428571428585,0.0
237,1109,0.0,24.614285714285728,5.42857142857143,0.0
238,984,0.0,24.400000000000013,6.000000000000001,0.0
239,1883,0.0,24.80000000000001,5.857142857142858,0.0
240,1718,0.0,25.20000000000001,5.714285714285714,0.0
241,1644,0.0,25.60000000000001,5.571428571428571,0.0
242,1727,0.0,26.000000000000007,5.428571428571428,0.0
243,1730,0.0,26.400000000000006,5.285714285714285,0.0
244,1228,0.0,26.800000000000004,5.1428571428571415,0.0
245,1030,0.08333333333333334,27.200000000000003,4.999999999999998,0.0
246,2579,0.09855334538878843,27.114285714285717,5.1428571428571415,0.0
247,2002,0.11377335744424352,27.028571428571432,5.285714285714285,0.0
248,1975,0.1289933694996986,26.942857142857147,5.428571428571428,0.0
249,1957,0.1442133815551537,26.85714285714286,5.571428571428571,0.0
250,1957,0.1594333936106088,26.771428571428576,5.714285714285714,0.0
251,1734,0.17465340566606388,26.68571428571429,5.857142857142858,0.0
252,1983,0.18987341772151897,26.600000000000005,6.000000000000001,0.0
253,3030,0.2037995468811706,26.628571428571433,5.2857142857142865,0.0
254,2645,0.21772567604082224,26.657142857142862,4.571428571428572,0.0
255,2751,0.23165180520047388,26.68571428571429,3.8571428571428577,0.0
256,2671,0.2455779343601255,26.71428571428572,3.1428571428571432,0.0
257,2761,0.2595040635197772,26.742857142857147,2.428571428571429,0.0
258,1823,0.2734301926794288,26.771428571428576,1.7142857142857144,0.0
259,1719,0.28735632183908044,26.800000000000004,1.0,0.0
260,3057,0.3160333098756744,26.828571428571433,1.2857142857142856,0.0
261,2311,0.34471029791226837,26.85714285714286,1.5714285714285712,0.0
262,2308,0.37338728594886234,26.88571428571429,1.8571428571428568,0.0
263,1930,0.4020642739854563,26.914285714285718,2.1428571428571423,0.0
264,1915,0.43074126202205026,26.942857142857147,2.428571428571428,0.0
265,1498,0.45941825005864423,26.971428571428575,2.7142857142857135,0.0
266,1308,0.4880952380952382,27.000000000000004,2.999999999999999,0.0
267,2400,0.49080195458465087,27.100000000000005,3.7142857142857135,0.0
268,1985,0.49350867107406354,27.200000000000006,4.428571428571428,0.0
269,2077,0.4962153875634762,27.300000000000008,5.142857142857142,0.0
270,1776,0.4989221040528889,27.40000000000001,5.857142857142857,0.0
271,2086,0.5016288205423015,27.50000000000001,6.571428571428571,0.0
272,1482,0.5043355370317142,27.600000000000012,7.285714285714286,0.0
273,1495,0.5070422535211269,27.700000000000014,8.0,0.0
274,2442,0.5271629778672033,27.671428571428585,7.571428571428571,0.0
275,2304,0.5472837022132798,27.642857142857157,7.142857142857142,0.0
276,2298,0.5674044265593563,27.614285714285728,6.7142857142857135,0.0
277,2309,0.5875251509054328,27.5857142857143,6.285714285714285,0.0
278,2354,0.6076458752515093,27.55714285714287,5.857142857142856,0.0
279,1901,0.6277665995975857,27.528571428571443,5.428571428571427,0.0
280,2062,0.6478873239436622,27.500000000000014,4.999999999999998,0.0
281,3332,0.660851472471191,26.92857142857144,4.714285714285713,0.0
282,3186,0.6738156209987198,26.35714285714287,4.428571428571427,0.0
283,3286,0.6867797695262486,25.785714285714295,4.1428571428571415,0.00013932256987506174
284,3644,0.6997439180537774,25.214285714285722,3.857142857142856,0.00029879734884073056
285,4134,0.7127080665813063,24.64285714285715,3.5714285714285703,0.0004890995611720307
286,3344,0.7256722151088351,24.071428571428577,3.2857142857142847,0.0007243902186623618
287,3726,0.7386363636363639,23.500000000000004,2.999999999999999,0.0008992242488808715
288,6088,0.7371541501976286,23.51428571428572,2.999999999999999,0.0009941030278966486
289,6135,0.7356719367588934,23.528571428571436,2.999999999999999,0.0012116379552152556
290,6134,0.7341897233201582,23.54285714285715,2.999999999999999,0.002169793799328659
291,6019,0.732707509881423,23.557142857142868,2.999999999999999,0.0037446072416146385
292,6344,0.7312252964426877,23.571428571428584,2.999999999999999,0.005357546484882848
293,4028,0.7297430830039525,23.5857142857143,2.999999999999999,0.006949135279601008
294,6111,0.7282608695652173,23.600000000000016,2.999999999999999,0.008960325746843592
295,9038,0.743271221532091,23.857142857142872,3.142857142857142,0.010315643506331879
296,8532,0.7582815734989647,24.114285714285728,3.2857142857142847,0.01133610780233624
297,7153,0.7732919254658385,24.371428571428584,3.4285714285714275,0.01314926196619113
298,5823,0.7883022774327122,24.62857142857144,3.5714285714285703,0.014953048076090384
299,2514,0.8033126293995859,24.885714285714297,3.714285714285713,0.015618179906940366
300,7503,0.8183229813664596,25.142857142857153,3.857142857142856,0.015619813869839605
301,8160,0.8333333333333334,25.40000000000001,3.9999999999999987,0.015642362557849093
302,8069,0.8450946643717728,25.385714285714297,3.857142857142856,0.01574595580566081
303,14954,0.8568559954102123,25.371428571428584,3.714285714285713,0.015943665316468656
304,12370,0.8686173264486517,25.357142857142872,3.5714285714285703,0.016754437707070757
305,8654,0.8803786574870912,25.34285714285716,3.4285714285714275,0.018552014757952907
306,5639,0.8921399885255307,25.328571428571447,3.2857142857142847,0.02005820175847087
307,9747,0.9039013195639701,25.314285714285734,3.142857142857142,0.020762657629762524
308,8545,0.9156626506024096,25.300000000000022,2.999999999999999,0.021211017049313545
309,12815,0.9179261075613608,25.70000000000002,3.7142857142857135,0.021525282580267067
310,10614,0.9201895645203121,26.10000000000002,4.428571428571428,0.02214793137573685
311,8725,0.9224530214792633,26.500000000000018,5.142857142857142,0.023222970032575774
312,8120,0.9247164784382146,26.900000000000016,5.857142857142857,0.024769134658695107
313,7507,0.9269799353971658,27.300000000000015,6.571428571428571,0.028402087768861786
314,6011,0.9292433923561171,27.700000000000014,7.285714285714286,0.03287740321901584
315,5506,0.9315068493150683,28.100000000000012,8.0,0.03730424443649249
316,9101,0.9327628004790137,28.185714285714297,8.714285714285714,0.03938732927130156
317,7389,0.9340187516429591,28.271428571428583,9.428571428571427,0.041161377256434685
318,6902,0.9352747028069045,28.35714285714287,10.14285714285714,0.04399085634361586
319,6732,0.9365306539708499,28.442857142857154,10.857142857142854,0.04812641644158828
320,6178,0.9377866051347953,28.52857142857144,11.571428571428568,0.05273037923734237
321,4402,0.9390425562987407,28.614285714285725,12.285714285714281,0.058402409114898635
322,4121,0.9402985074626861,28.70000000000001,12.999999999999995,0.06302619732716348
323,6750,0.9373065547836847,28.85714285714287,13.142857142857137,0.06529566286334569
324,5756,0.9343146021046834,29.014285714285727,13.28571428571428,0.06776817552247326
325,4915,0.9313226494256821,29.171428571428585,13.428571428571422,0.07249631949856947
326,4553,0.9283306967466808,29.328571428571443,13.571428571428564,0.07747304369706981
327,4231,0.9253387440676795,29.4857142857143,13.714285714285706,0.08378144765844947
328,3202,0.9223467913886781,29.64285714285716,13.857142857142849,0.09175366157469361
329,2257,0.9193548387096768,29.80000000000002,13.999999999999991,0.09966530993280599
330,4514,0.925484740457351,29.842857142857163,13.42857142857142,0.10269151815305548
331,3726,0.9316146422050251,29.885714285714307,12.857142857142849,0.10577382576617882
332,3336,0.9377445439526992,29.928571428571452,12.285714285714278,0.10947660355757295
333,3185,0.9438744457003734,29.971428571428596,11.714285714285706,0.11331696102508297
334,2856,0.9500043474480475,30.01428571428574,11.142857142857135,0.11893746660588325
335,2158,0.9561342491957217,30.057142857142885,10.571428571428564,0.12734965226546233
336,1716,0.9622641509433958,30.10000000000003,9.999999999999993,0.13520955846509883
337,2861,0.9676549865229106,29.985714285714316,9.714285714285706,0.14039085481858382
338,2548,0.9730458221024254,29.871428571428602,9.42857142857142,0.14539568317895107
339,2376,0.9784366576819402,29.757142857142888,9.142857142857133,0.1510735953229446
340,2159,0.983827493261455,29.642857142857174,8.857142857142847,0.15733886266378436
341,1854,0.9892183288409698,29.52857142857146,8.57142857142856,0.16426490460107612
342,1236,0.9946091644204846,29.414285714285747,8.285714285714274,0.17159137637954125
343,1238,0.9999999999999994,29.300000000000033,7.9999999999999885,0.18117053834175642
344,1691,0.9958592132505171,29.371428571428606,8.428571428571416,0.18562875164689843
345,1515,0.9917184265010347,29.44285714285718,8.857142857142845,0.19041724331940652
346,1435,0.9875776397515523,29.51428571428575,9.285714285714274,0.19633523907872816
347,1295,0.98343685300207,29.585714285714324,9.714285714285703,0.20263187850723327
348,1293,0.9792960662525876,29.657142857142897,10.142857142857132,0.20941587460315125
349,942,0.9751552795031052,29.72857142857147,10.57142857142856,0.2172714235683898
350,833,0.9710144927536228,29.800000000000043,10.99999999999999,0.2255477724456122
351,1387,0.9751552795031052,29.828571428571472,10.142857142857132,0.22893835439239182
352,1211,0.9792960662525876,29.8571428571429,9.285714285714274,0.23293611695252847
353,1128,0.98343685300207,29.88571428571433,8.428571428571416,0.2381128382098956
354,1135,0.9875776397515523,29.914285714285757,7.57142857142856,0.24531610918575816
355,1035,0.9917184265010347,29.942857142857186,6.714285714285703,0.25318037261979265
356,827,0.9958592132505171,29.971428571428614,5.857142857142846,0.25841112358369456
357,776,0.9999999999999994,30.000000000000043,4.999999999999989,0.26399884097565013
358,1093,0.9958592132505171,29.714285714285758,4.5714285714285605,0.2657340006437814
359,853,0.9917184265010347,29.428571428571473,4.142857142857132,0.26847154208516544
360,810,0.9875776397515523,29.14285714285719,3.7142857142857033,0.27320240933276035
361,758,0.98343685300207,28.857142857142904,3.285714285714275,0.2798956660223406
362,614,0.9792960662525876,28.57142857142862,2.8571428571428465,0.28765187004330545
363,455,0.9751552795031052,28.285714285714334,2.428571428571418,0.29525099576422353
364,453,0.9710144927536228,28.00000000000005,1.9999999999999896,0.30173902671365943
365,566,0.9751552795031052,28.357142857142907,3.1428571428571326,0.3049266704683537
366,593,0.9792960662525876,28.714285714285765,4.285714285714276,0.30744101257770173
367,538,0.98343685300207,29.071428571428623,5.428571428571418,0.31019249716915925
368,466,0.9875776397515523,29.42857142857148,6.5714285714285605,0.3134994202154979
369,466,0.9917184265010347,29.785714285714338,7.714285714285703,0.31788595701479333
370,416,0.9958592132505171,30.142857142857196,8.857142857142845,0.32651480615481143
371,372,0.9999999999999994,30.500000000000053,9.999999999999988,0.3338461798219743
372,583,0.973626373626373,30.314285714285766,9.428571428571416,0.3365170555770694
373,548,0.9472527472527467,30.12857142857148,8.857142857142845,0.3396037204245907
374,520,0.9208791208791203,29.942857142857193,8.285714285714274,0.3427601010224795
375,504,0.8945054945054939,29.757142857142906,7.714285714285703,0.34587247355294887
376,463,0.8681318681318675,29.57142857142862,7.142857142857132,0.3483216750080473
377,348,0.8417582417582411,29.385714285714332,6.5714285714285605,0.35458661555630716
378,373,0.8153846153846147,29.200000000000045,5.999999999999989,0.36444257083365333
379,573,0.8417582417582411,29.44285714285719,7.857142857142847,0.3688502402197789
380,458,0.8681318681318675,29.685714285714333,9.714285714285705,0.3754378339752084
381,482,0.8945054945054939,29.928571428571477,11.571428571428562,0.3826677930117585
382,451,0.9208791208791203,30.17142857142862,13.42857142857142,0.3906429480612213
383,423,0.9472527472527467,30.414285714285764,15.285714285714278,0.3998663418348423
384,339,0.973626373626373,30.657142857142908,17.142857142857135,0.41104221234219324
385,510,0.9999999999999994,30.900000000000052,18.999999999999993,0.4253598667121998
386,500,0.9999999999999994,30.785714285714338,17.571428571428566,0.4316923443936282
387,440,0.9999999999999994,30.671428571428624,16.14285714285714,0.43695457637605545
388,624,0.9999999999999994,30.55714285714291,14.71428571428571,0.44171311206207753
389,484,0.9999999999999994,30.442857142857196,13.285714285714281,0.4462752454076111
390,374,0.9999999999999994,30.328571428571482,11.857142857142852,0.4513383517780512
391,327,0.9999999999999994,30.21428571428577,10.428571428571423,0.4567998183033256
392,498,0.9999999999999994,30.100000000000055,8.999999999999995,0.4636208508916263
393,358,0.9999999999999994,30.000000000000053,7.714285714285709,0.4671020633138837
394,310,0.9999999999999994,29.900000000000052,6.4285714285714235,0.4698947237704021
395,360,0.9999999999999994,29.80000000000005,5.142857142857138,0.47282082453035823
396,304,0.9999999999999994,29.70000000000005,3.8571428571428523,0.47584975602210644
397,223,0.9999999999999994,29.600000000000048,2.5714285714285667,0.47772140605775404
398,214,0.9999999999999994,29.500000000000046,1.285714285714281,0.47889611645144653
399,207,0.9999999999999994,29.400000000000045,-4.884981308350689e-15,0.47974403426529133
400,205,0.9761904761904756,29.542857142857187,5.71428571428571,0.4799827017794401
401,324,0.9523809523809518,29.68571428571433,11.428571428571423,0.48012518334425364
402,325,0.9285714285714279,29.828571428571472,17.14285714285714,0.48098639072301225
403,312,0.9047619047619041,29.971428571428614,22.857142857142854,0.48176709819626834
404,253,0.8809523809523803,30.114285714285757,28.57142857142857,0.4824571751940467
405,228,0.8571428571428564,30.2571428571429,34.285714285714285,0.48332491842440223
406,198,0.8333333333333326,30.40000000000004,40.0,0.48441433595475447
407,253,0.8571428571428564,30.371428571428613,36.142857142857146,0.4848179247908664
408,237,0.8809523809523803,30.342857142857184,32.28571428571429,0.4852130170199022
409,244,0.9047619047619041,30.314285714285756,28.428571428571434,0.48592400874279085
410,208,0.9285714285714279,30.285714285714327,24.571428571428577,0.48727344423584185
411,214,0.9523809523809518,30.2571428571429,20.71428571428572,0.48904792794441476
412,169,0.9761904761904756,30.22857142857147,16.85714285714286,0.49096925045219925
413,295,0.9999999999999994,30.200000000000042,13.000000000000004,0.49323991422784086
414,268,0.9816124469589811,30.10000000000004,11.142857142857146,0.4945771494645776
415,224,0.9632248939179627,30.00000000000004,9.285714285714288,0.4965919346501985
416,291,0.9448373408769444,29.900000000000038,7.428571428571431,0.49855062044294557
417,254,0.926449787835926,29.800000000000036,5.571428571428573,0.5008579939183901
418,214,0.9080622347949077,29.700000000000035,3.7142857142857157,0.5032069789823352
419,143,0.8896746817538893,29.600000000000033,1.8571428571428585,0.50538526938874
420,240,0.871287128712871,29.500000000000032,1.3322676295501878e-15,0.5080496092922381
421,266,0.8896746817538893,29.85714285714289,1.3322676295501878e-15,0.509530197540668
422,211,0.9080622347949077,30.214285714285747,1.3322676295501878e-15,0.5110933553809394
423,269,0.926449787835926,30.571428571428605,1.3322676295501878e-15,0.5125905011200815
424,198,0.9448373408769444,30.928571428571463,1.3322676295501878e-15,0.5143963569163199
425,154,0.9632248939179627,31.28571428571432,1.3322676295501878e-15,0.5164037348034642
426,134,0.9816124469589811,31.642857142857178,1.3322676295501878e-15,0.5188274464373345
427,150,0.9999999999999994,32.000000000000036,1.3322676295501878e-15,0.5212887392178873
428,203,0.9999999999999994,31.88571428571432,5.428571428571431,0.5226317477902014
429,201,0.9999999999999994,31.771428571428608,10.85714285714286,0.5237076578939198
430,222,0.9999999999999994,31.657142857142894,16.28571428571429,0.525947167443616
431,203,0.9999999999999994,31.54285714285718,21.714285714285715,0.5278782937287959
432,174,0.9999999999999994,31.428571428571466,27.142857142857146,0.5296431915216933
433,124,0.9999999999999994,31.314285714285752,32.57142857142858,0.5317262763565024
434,181,0.9999999999999994,31.20000000000004,38.00000000000001,0.5346472573660409
435,216,0.9999999999999994,31.37142857142861,32.57142857142858,0.5365839391250782
436,155,0.9999999999999994,31.54285714285718,27.142857142857146,0.5382058106988623
437,185,0.9999999999999994,31.71428571428575,21.714285714285715,0.5400239756822748
438,184,0.9999999999999994,31.88571428571432,16.285714285714285,0.5424359227832706
439,138,0.9999999999999994,32.05714285714289,10.857142857142856,0.5456043947066138
440,130,0.9999999999999994,32.22857142857146,5.428571428571427,0.5491116416043991
441,144,0.9999999999999994,32.400000000000034,-1.7763568394002505e-15,0.5527380588629688
442,203,0.928571428571428,32.55714285714289,7.1428571428571415,0.5544409749965551
443,177,0.8571428571428567,32.71428571428575,14.285714285714285,0.55586796926189
444,190,0.7857142857142853,32.87142857142861,21.428571428571427,0.5588549623725577
445,166,0.7142857142857139,33.02857142857147,28.57142857142857,0.5633657892830553
446,185,0.6428571428571425,33.185714285714326,35.714285714285715,0.5679416479169423
447,149,0.5714285714285711,33.342857142857184,42.85714285714286,0.5716729655936432
448,222,0.49999999999999967,33.50000000000004,50.00000000000001,0.5753982920730468
449,306,0.4857142857142854,32.30000000000004,42.85714285714286,0.5772347574409309
450,287,0.4714285714285711,31.10000000000004,35.714285714285715,0.5786795074364375
451,349,0.4571428571428568,29.90000000000004,28.571428571428573,0.5814633444933
452,350,0.4428571428571425,28.700000000000042,21.42857142857143,0.5853540280181065
453,331,0.4285714285714282,27.500000000000043,14.285714285714288,0.5897759673468854
454,286,0.4142857142857139,26.300000000000043,7.142857142857145,0.5932519510878652
455,317,0.39999999999999963,25.100000000000044,1.7763568394002505e-15,0.5963415570686053
456,368,0.4142857142857139,25.4571428571429,4.714285714285716,0.5980581984905451
457,475,0.4285714285714282,25.81428571428576,9.42857142857143,0.5992351964322965
458,562,0.4428571428571425,26.171428571428617,14.142857142857146,0.6002320227316918
459,531,0.4571428571428568,26.528571428571475,18.85714285714286,0.6024248009424698
460,493,0.4714285714285711,26.885714285714332,23.571428571428577,0.6053539517665045
461,408,0.4857142857142854,27.24285714285719,28.285714285714292,0.6080287490325578
462,477,0.49999999999999967,27.600000000000048,33.00000000000001,0.6113866517213526
463,614,0.4567404426559353,27.300000000000047,32.42857142857144,0.6130013338583801
464,580,0.4134808853118709,27.000000000000046,31.857142857142865,0.6145878029026807
465,648,0.3702213279678065,26.700000000000045,31.285714285714292,0.6169879854708019
466,689,0.3269617706237421,26.400000000000045,30.71428571428572,0.6198015606524305
467,613,0.2837022132796777,26.100000000000044,30.142857142857146,0.6229040204746444
468,520,0.24044265593561331,25.800000000000043,29.571428571428573,0.6258059385836918
469,576,0.19718309859154892,25.500000000000043,29.0,0.6298471645569482
470,856,0.17864490312662454,25.100000000000044,25.714285714285715,0.6317811230444869
471,865,0.16010670766170015,24.700000000000045,22.42857142857143,0.6337838169046534
472,963,0.14156851219677577,24.300000000000047,19.142857142857146,0.636573754089673
473,844,0.12303031673185139,23.90000000000005,15.857142857142861,0.6395825333723306
474,856,0.104492121266927,23.50000000000005,12.571428571428577,0.6431977307523256
475,614,0.08595392580200262,23.10000000000005,9.285714285714292,0.6466571570025931
476,763,0.06741573033707823,22.700000000000053,6.000000000000006,0.6516175415721011
477,1106,0.06853759988953859,22.62857142857148,5.571428571428577,0.6539464833578156
478,1269,0.06965946944199894,22.557142857142907,5.142857142857149,0.6558670433495803
479,1432,0.07078133899445929,22.485714285714334,4.71428571428572,0.6587689614586277
480,1555,0.07190320854691964,22.41428571428576,4.285714285714291,0.6618898305961731
481,1602,0.07302507809938,22.342857142857188,3.8571428571428625,0.6654918473421142
482,1536,0.07414694765184035,22.271428571428615,3.428571428571434,0.6683799312319482
483,1873,0.0752688172043007,22.200000000000042,3.0000000000000058,0.6722566716066811
484,2606,0.08088517665130532,22.471428571428614,3.1428571428571486,0.6740931369745652
485,2612,0.08650153609830993,22.742857142857186,3.2857142857142914,0.6759630441164536
486,2653,0.09211789554531455,23.01428571428576,3.428571428571434,0.6779753238922958
487,2759,0.09773425499231916,23.28571428571433,3.571428571428577,0.680017341792904
488,2559,0.10335061443932378,23.557142857142903,3.7142857142857197,0.6822093574876622
489,2516,0.1089669738863284,23.828571428571475,3.8571428571428625,0.6843609598333794
490,2508,0.11458333333333301,24.100000000000048,4.000000000000005,0.6867424062935894
491,3521,0.11341185410334315,24.000000000000046,3.8571428571428625,0.6880080739553395
492,3557,0.11224037487335328,23.900000000000045,3.7142857142857197,0.6892532626154191
493,3827,0.11106889564336342,23.800000000000043,3.571428571428577,0.6907311275923502
494,3430,0.10989741641337356,23.700000000000042,3.428571428571434,0.692087425729578
495,3465,0.10872593718338369,23.60000000000004,3.2857142857142914,0.6936621302410041
496,3067,0.10755445795339383,23.50000000000004,3.1428571428571486,0.6953793163172437
497,3414,0.10638297872340396,23.400000000000038,3.0000000000000058,0.6971264583799693
498,4942,0.09921109251733176,23.614285714285753,3.1428571428571486,0.6978299338735214
499,5285,0.09203920631125956,23.82857142857147,3.2857142857142914,0.6987404869318371
500,6600,0.08486732010518735,24.042857142857184,3.428571428571434,0.699749077764107
501,7940,0.07769543389911515,24.2571428571429,3.571428571428577,0.7006244461546589
502,6982,0.07052354769304295,24.471428571428614,3.7142857142857197,0.7014797712669802
503,4806,0.06335166148697075,24.68571428571433,3.8571428571428625,0.7024183195563029
504,4604,0.05617977528089855,24.900000000000045,4.000000000000005,0.7035503290528952
505,5730,0.0631042592108698,25.057142857142903,4.285714285714291,0.7039844185297929
506,4913,0.07002874314084107,25.21428571428576,4.5714285714285765,0.7045951938615281
507,4285,0.07695322707081233,25.37142857142862,4.857142857142862,0.7052466004040245
508,3624,0.08387771100078359,25.528571428571478,5.142857142857148,0.7058760029128112
509,3227,0.09080219493075485,25.685714285714337,5.428571428571433,0.7064634670405173
510,2737,0.09772667886072611,25.842857142857195,5.714285714285719,0.7071093181091563
511,2650,0.10465116279069737,26.000000000000053,6.000000000000004,0.7077922056701781
512,3414,0.10254208817051745,25.92857142857148,5.714285714285719,0.7080609381016728
513,3512,0.10043301355033753,25.857142857142907,5.428571428571433,0.7085441553964076
514,3665,0.0983239389301576,25.785714285714334,5.142857142857148,0.709017459982887
515,3430,0.09621486430997768,25.71428571428576,4.857142857142862,0.7095144025659753
516,3090,0.09410578968979776,25.64285714285719,4.5714285714285765,0.7100227828893584
517,2495,0.09199671506961783,25.571428571428616,4.285714285714291,0.7105073073544126
518,2610,0.08988764044943791,25.500000000000043,4.000000000000005,0.7110420489459033
519,3657,0.08481052411194052,25.52857142857147,4.142857142857149,0.7113054437652605
520,3752,0.07973340777444314,25.5571428571429,4.285714285714292,0.7116591422675157
521,4064,0.07465629143694576,25.585714285714328,4.428571428571435,0.7120358251812201
522,3856,0.06957917509944837,25.614285714285757,4.571428571428578,0.7124311352719759
523,3502,0.06450205876195099,25.642857142857185,4.7142857142857215,0.712810541457179
524,2892,0.059424942424453606,25.671428571428613,4.857142857142865,0.713179708141547
525,2937,0.05434782608695622,25.700000000000042,5.000000000000008,0.7136544288292057
526,3914,0.05610766045548624,25.514285714285755,5.142857142857151,0.7139594352370635
527,4070,0.05786749482401626,25.32857142857147,5.2857142857142945,0.7143094300900804
528,4546,0.059627329192546284,25.14285714285718,5.428571428571438,0.7147526697592138
529,4095,0.061387163561076305,24.957142857142895,5.571428571428581,0.7152639912158154
530,3872,0.06314699792960632,24.771428571428608,5.714285714285724,0.715794811296348
531,3354,0.06490683229813635,24.58571428571432,5.857142857142867,0.7162666997816481
532,3124,0.06666666666666637,24.400000000000034,6.000000000000011,0.7171031798551982
533,4741,0.06645962732919225,24.58571428571432,6.285714285714296,0.7174831306947012
534,5194,0.06625258799171813,24.771428571428608,6.571428571428582,0.7179887877465855
535,5019,0.066045548654244,24.957142857142895,6.857142857142867,0.7186583857426934
536,4502,0.06583850931676988,25.14285714285718,7.142857142857153,0.7192603376747727
537,4058,0.06563146997929575,25.32857142857147,7.428571428571439,0.7201871214312208
538,3459,0.06542443064182163,25.514285714285755,7.714285714285724,0.7211880871032942
539,3347,0.0652173913043475,25.700000000000042,8.00000000000001,0.7224429706099094
540,4582,0.05918469336760159,26.071428571428612,8.00000000000001,0.7230360991423329
541,4171,0.05315199543085568,26.442857142857182,8.00000000000001,0.723754607094558
542,4072,0.047119297494109764,26.814285714285752,8.00000000000001,0.7246833516064851
543,3702,0.04108659955736385,27.185714285714322,8.00000000000001,0.725784206877132
544,3550,0.03505390162061794,27.557142857142892,8.00000000000001,0.7265656768664077
545,3028,0.029021203683872024,27.928571428571463,8.00000000000001,0.7273072781609421
546,2792,0.02298850574712611,28.300000000000033,8.00000000000001,0.7280929964537558
547,3729,0.022776630118120336,27.671428571428603,7.571428571428582,0.7284386340723747
548,5406,0.02256475448911456,27.042857142857173,7.142857142857153,0.7287265383352206
549,5083,0.022352878860108786,26.414285714285743,6.714285714285724,0.7294533250328018
550,4742,0.02214100323110301,25.785714285714313,6.285714285714295,0.7301004832717601
551,4233,0.021929127602097236,25.157142857142883,5.8571428571428665,0.7306831544416286
552,3468,0.02171725197309146,24.528571428571453,5.428571428571438,0.7312340178003919
553,3370,0.021505376344085687,23.900000000000023,5.000000000000009,0.7318634203091785
554,4533,0.019952936562407743,24.142857142857167,5.000000000000009,0.7321439172735478
555,3744,0.018400496780729803,24.38571428571431,5.000000000000009,0.732409490710104
556,3364,0.016848056999051862,24.628571428571455,5.000000000000009,0.732677351694719
557,3214,0.01529561721737392,24.8714285714286,5.000000000000009,0.7329802884162379
558,2869,0.013743177435695978,25.114285714285742,5.000000000000009,0.7332698266419829
559,2286,0.012190737654018036,25.357142857142886,5.000000000000009,0.7336092552015847
560,2473,0.010638297872340094,25.60000000000003,5.000000000000009,0.7340264603951903
561,3384,0.010576266980956185,25.457142857142887,4.57142857142858,0.7341910549245736
562,3185,0.010514236089572276,25.314285714285745,4.142857142857151,0.7343908341217205
563,3164,0.010452205198188368,25.171428571428603,3.714285714285723,0.7346437715785226
564,2827,0.010390174306804459,25.02857142857146,3.2857142857142945,0.7349049877806808
565,3115,0.01032814341542055,24.885714285714318,2.857142857142866,0.7351693629777776
566,2882,0.010266112524036641,24.742857142857176,2.4285714285714377,0.735413041311484
567,3525,0.010204081632652733,24.600000000000033,2.0000000000000093,0.7358172837327556
568,4592,0.01018935712813231,24.514285714285748,1.8571428571428665,0.7359426631525571
569,4451,0.010174632623611887,24.428571428571463,1.7142857142857237,0.7361806770815462
570,4057,0.010159908119091465,24.342857142857177,1.571428571428581,0.7363876457154497
571,3786,0.010145183614571042,24.25714285714289,1.4285714285714382,0.7366841555162316
572,3505,0.01013045911005062,24.171428571428606,1.2857142857142954,0.7371592029964701
573,3436,0.010115734605530197,24.08571428571432,1.1428571428571526,0.7377170379302701
574,4421,0.010101010101009774,24.000000000000036,1.0000000000000098,0.7379871864629441
575,5461,0.010115734605530197,24.000000000000036,1.0000000000000098,0.7381360949484947
576,4180,0.01013045911005062,24.000000000000036,1.0000000000000098,0.7386860868603784
577,4201,0.010145183614571042,24.000000000000036,1.0000000000000098,0.7395090595072948
578,3823,0.010159908119091465,24.000000000000036,1.0000000000000098,0.7402710308726397
579,3544,0.010174632623611887,24.000000000000036,1.0000000000000098,0.741051193691596
580,3526,0.01018935712813231,24.000000000000036,1.0000000000000098,0.7417283079170405
581,4275,0.010204081632652733,24.000000000000036,1.0000000000000098,0.7419969314176752
582,5671,0.01018935712813231,23.88571428571432,1.0000000000000098,0.742175578027992
583,4940,0.010174632623611887,23.771428571428608,1.0000000000000098,0.7427775299600714
584,4913,0.010159908119091465,23.657142857142894,1.0000000000000098,0.7435271921382419
585,4784,0.010145183614571042,23.54285714285718,1.0000000000000098,0.7442506019791648
586,4809,0.01013045911005062,23.428571428571466,1.0000000000000098,0.7450097411421509
587,4539,0.010115734605530197,23.314285714285752,1.0000000000000098,0.7456964412832708
588,5134,0.010101010101009774,23.20000000000004,1.0000000000000098,0.7459627772358467
589,6813,0.014488912448095794,23.228571428571467,1.0000000000000098,0.7461034069760412
590,6527,0.018876814795181815,23.257142857142895,1.0000000000000098,0.7469036130732283
591,6491,0.023264717142267834,23.285714285714324,1.0000000000000098,0.7477925978212738
592,6384,0.027652619489353852,23.314285714285752,1.0000000000000098,0.7485709088156111
593,6437,0.03204052183643987,23.34285714285718,1.0000000000000098,0.7495586938536307
594,5672,0.03642842418352589,23.37142857142861,1.0000000000000098,0.7504190297855097
595,6520,0.04081632653061191,23.400000000000038,1.0000000000000098,0.7506726208274714
596,8639,0.037900874635568176,23.50000000000004,1.1428571428571526,0.7508139041528257
597,8136,0.03498542274052444,23.60000000000004,1.2857142857142954,0.7516282712618061
598,7697,0.03206997084548071,23.700000000000042,1.4285714285714382,0.7524706336017934
599,7205,0.029154518950436976,23.800000000000043,1.571428571428581,0.7533333660125913
600,6580,0.026239067055393243,23.900000000000045,1.7142857142857237,0.7543259440084487
601,5619,0.02332361516034951,24.000000000000046,1.8571428571428665,0.7552424882640615
602,5277,0.020408163265305777,24.100000000000048,2.0000000000000093,0.7557588205402208
603,6944,0.018935712813263488,24.07142857142862,1.8571428571428665,0.7561435643375615
604,6214,0.0174632623612212,24.04285714285719,1.7142857142857237,0.7566164332006011
605,6448,0.01599081190917891,24.014285714285762,1.571428571428581,0.7571367959185785
606,6012,0.01451836145713662,23.985714285714334,1.4285714285714382,0.7577827559180774
607,6173,0.013045911005094332,23.957142857142905,1.2857142857142954,0.758416733522982
608,5076,0.011573460553052042,23.928571428571477,1.1428571428571526,0.7590035440655285
609,5110,0.010101010101009753,23.90000000000005,1.0000000000000098,0.759626846446158
610,6477,0.010072435815009724,23.90000000000005,0.857142857142867,0.7600028757747027
611,5346,0.010043861529009695,23.90000000000005,0.7142857142857242,0.7607117978112522
612,4942,0.010015287243009666,23.90000000000005,0.5714285714285814,0.7615240952338936
613,4661,0.009986712957009636,23.90000000000005,0.42857142857143854,0.7623308371826776
614,4291,0.009958138671009607,23.90000000000005,0.2857142857142957,0.763134529067383
615,3846,0.009929564385009578,23.90000000000005,0.14285714285715284,0.7640129475220135
616,4451,0.009900990099009549,23.90000000000005,9.992007221626409e-15,0.7645060775250038
617,6215,0.015927039132484326,23.828571428571475,0.42857142857143854,0.764747904034091
618,6126,0.021953088165959103,23.757142857142902,0.8571428571428671,0.7654256718446951
619,6641,0.02797913719943388,23.68571428571433,1.2857142857142956,0.7661153131190337
620,6412,0.03400518623290866,23.614285714285757,1.7142857142857242,0.7668004882281143
621,5761,0.040031235266383434,23.542857142857184,2.1428571428571526,0.7673699787639289
622,5453,0.04605728429985821,23.47142857142861,2.571428571428581,0.7680467661967934
623,5768,0.05208333333333299,23.400000000000038,3.0000000000000093,0.7685359746888254
624,8357,0.05185786435786401,23.557142857142896,2.7142857142857237,0.768774968995554
625,7373,0.05163239538239504,23.714285714285754,2.428571428571438,0.7691972939395771
626,7371,0.05140692640692606,23.871428571428613,2.1428571428571526,0.7696282244215363
627,7482,0.051181457431457085,24.02857142857147,1.857142857142867,0.7700516386741589
628,6894,0.05095598845598811,24.18571428571433,1.5714285714285814,0.7704872531830959
629,6243,0.05073051948051913,24.342857142857188,1.2857142857142958,0.770914044292377
630,6935,0.05050505050505016,24.500000000000046,1.0000000000000102,0.7713289619379236
631,9094,0.046205495185086674,24.328571428571475,1.142857142857153,0.7715341876780679
632,8815,0.04190593986512319,24.157142857142905,1.2857142857142958,0.7717959485345259
633,8554,0.03760638454515971,23.985714285714334,1.4285714285714386,0.7721610847770757
634,8005,0.033306829225196226,23.814285714285763,1.5714285714285814,0.7724477908004621
635,7204,0.029007273905232743,23.642857142857192,1.7142857142857242,0.772763254570875
636,6599,0.02470771858526926,23.47142857142862,1.857142857142867,0.7730688056330326
637,7353,0.020408163265305777,23.30000000000005,2.0000000000000098,0.7734406955888993
638,10332,0.03352769679300257,23.514285714285766,2.0000000000000098,0.7737333928095829
639,10139,0.04664723032069936,23.72857142857148,2.0000000000000098,0.7740342598447626
640,10266,0.05976676384839615,23.942857142857196,2.0000000000000098,0.7743668257601877
641,9198,0.07288629737609295,24.15714285714291,2.0000000000000098,0.7746780412270625
642,8354,0.08600583090378974,24.371428571428627,2.0000000000000098,0.7749846815978196
643,7166,0.09912536443148653,24.585714285714342,2.0000000000000098,0.7753053740495102
644,7304,0.11224489795918333,24.800000000000058,2.0000000000000098,0.7757405528350073
645,10120,0.16180758017492675,24.700000000000056,2.0000000000000098,0.776002967276625
646,9616,0.2113702623906702,24.600000000000055,2.0000000000000098,0.7762505671212896
647,9771,0.26093294460641364,24.500000000000053,2.0000000000000098,0.7765300837079193
648,9338,0.3104956268221571,24.400000000000052,2.0000000000000098,0.7767984893468343
649,8692,0.36005830903790054,24.30000000000005,2.0000000000000098,0.7771405322470748
650,7986,0.409620991253644,24.20000000000005,2.0000000000000098,0.7774219006583236
651,8566,0.45918367346938743,24.100000000000048,2.0000000000000098,0.7778163393021998
652,13344,0.49708454810495595,23.94285714285719,1.857142857142867,0.7781137205498612
653,15681,0.5349854227405245,23.78571428571433,1.7142857142857242,0.7784236288464167
654,16689,0.5728862973760931,23.628571428571473,1.5714285714285814,0.7787366961379109
655,15483,0.6107871720116617,23.471428571428614,1.4285714285714386,0.7791275400634087
656,14312,0.6486880466472302,23.314285714285756,1.2857142857142958,0.7795652242586847
657,13371,0.6865889212827988,23.157142857142897,1.142857142857153,0.7800221892161716
658,13292,0.7244897959183674,23.00000000000004,1.0000000000000102,0.7805762115698734
659,19219,0.7463556851311953,23.071428571428612,1.2857142857142958,0.7810583395560087
660,20565,0.7682215743440233,23.142857142857185,1.5714285714285814,0.7815271779772301
661,21242,0.7900874635568512,23.214285714285758,1.857142857142867,0.7820217240813997
662,20785,0.8119533527696792,23.28571428571433,2.1428571428571526,0.7825606050455685
663,17951,0.8338192419825071,23.357142857142904,2.428571428571438,0.7830150645932766
664,9526,0.8556851311953351,23.428571428571477,2.7142857142857237,0.7831526442693926
665,14304,0.877551020408163,23.50000000000005,3.0000000000000093,0.7831555854026112
666,22000,0.886021175387448,23.642857142857192,3.142857142857152,0.7831695285526847
667,23414,0.8944913303667329,23.785714285714334,3.285714285714295,0.7834293286536635
668,31299,0.9029614853460178,23.928571428571477,3.4285714285714377,0.7838075365994073
669,26111,0.9114316403253028,24.07142857142862,3.5714285714285805,0.7842636301100148
670,20072,0.9199017953045877,24.21428571428576,3.7142857142857233,0.7847477188516291
671,13151,0.9283719502838726,24.357142857142904,3.857142857142866,0.7850080636069078
672,18275,0.9368421052631576,24.500000000000046,4.000000000000009,0.7850459715461701
673,24839,0.9383458646616538,24.54285714285719,4.000000000000009,0.7852391059608601
674,31863,0.93984962406015,24.585714285714335,4.000000000000009,0.7855741772860638
675,22925,0.9413533834586463,24.62857142857148,4.000000000000009,0.7859011877276315
676,18784,0.9428571428571425,24.671428571428624,4.000000000000009,0.7862316839567174
677,13627,0.9443609022556387,24.71428571428577,4.000000000000009,0.7865852735281126
678,10840,0.945864661654135,24.757142857142913,4.000000000000009,0.7868944193086486
679,11238,0.9473684210526312,24.800000000000058,4.000000000000009,0.7873792705662825
680,15808,0.9459586466165409,24.728571428571485,4.000000000000009,0.787704320252371
681,14226,0.9445488721804507,24.65714285714291,4.000000000000009,0.7879697847580673
682,12926,0.9431390977443604,24.58571428571434,4.000000000000009,0.788212918437474
683,12215,0.9417293233082702,24.514285714285766,4.000000000000009,0.7884949404338825
684,11499,0.9403195488721799,24.442857142857193,4.000000000000009,0.7888138899918139
685,10793,0.9389097744360897,24.37142857142862,4.000000000000009,0.789107349728517
686,13755,0.9374999999999994,24.300000000000047,4.000000000000009,0.7895565805949477
687,18610,0.9313909774436084,24.27142857142862,4.000000000000009,0.7898402365542555
688,17223,0.9252819548872174,24.24285714285719,4.000000000000009,0.7900802112387236
689,16435,0.9191729323308264,24.21428571428576,4.000000000000009,0.7903255235353293
690,15379,0.9130639097744354,24.185714285714333,4.000000000000009,0.7905494853833849
691,14575,0.9069548872180444,24.157142857142905,4.000000000000009,0.7908632062600387
692,13166,0.9008458646616534,24.128571428571476,4.000000000000009,0.7911187580574796
693,16725,0.8947368421052624,24.100000000000048,4.000000000000009,0.7914328057267132
694,20666,0.8842105263157887,24.11428571428576,4.000000000000009,0.7916342188867593
695,18781,0.873684210526315,24.128571428571473,4.000000000000009,0.7918241943065107
696,18306,0.8631578947368412,24.142857142857185,4.000000000000009,0.7920026230551076
697,16414,0.8526315789473675,24.157142857142897,4.000000000000009,0.7922178704343672
698,14796,0.8421052631578938,24.17142857142861,4.000000000000009,0.7924420501441427
699,13413,0.8315789473684201,24.185714285714322,4.000000000000009,0.7926481473311667
700,15652,0.8210526315789464,24.200000000000035,4.000000000000009,0.7929194941033002
701,18142,0.8131818908974554,24.300000000000036,4.142857142857152,0.7930682936579909
702,16274,0.8053111502159644,24.400000000000038,4.285714285714295,0.7932141520794629
703,15342,0.7974404095344735,24.50000000000004,4.428571428571439,0.7933862628381827
704,13334,0.7895696688529825,24.60000000000004,4.571428571428582,0.7935473715800476
705,11054,0.7816989281714916,24.700000000000042,4.714285714285725,0.7937229681262857
706,9209,0.7738281874900006,24.800000000000043,4.857142857142868,0.7938666479305587
707,10680,0.7659574468085096,24.900000000000045,5.0000000000000115,0.7940594555526689
708,13318,0.7437529995200758,24.857142857142904,5.0000000000000115,0.7941351625003336
709,11582,0.7215485522316419,24.814285714285763,5.0000000000000115,0.794261086574435
710,10788,0.6993441049432081,24.771428571428622,5.0000000000000115,0.7943879910262758
711,8786,0.6771396576547742,24.72857142857148,5.0000000000000115,0.7945337405168879
712,7514,0.6549352103663404,24.68571428571434,5.0000000000000115,0.7946798168000797
713,6253,0.6327307630779065,24.6428571428572,5.0000000000000115,0.7948285074239104
714,6810,0.6105263157894727,24.60000000000006,5.0000000000000115,0.795026979450738
715,9157,0.5894736842105254,24.585714285714342,4.857142857142868,0.7950901593495084
716,8556,0.568421052631578,24.571428571428626,4.714285714285725,0.7951611822701954
717,8560,0.5473684210526307,24.55714285714291,4.571428571428582,0.7952686970289653
718,7387,0.5263157894736834,24.542857142857194,4.428571428571439,0.7953843816022313
719,4878,0.5052631578947361,24.528571428571478,4.285714285714295,0.7955092163677332
720,5912,0.4842105263157887,24.514285714285762,4.142857142857152,0.7955518083339733
721,6017,0.4631578947368413,24.500000000000046,4.000000000000009,0.7956979935480252
722,7044,0.4416353383458639,24.428571428571473,3.857142857142866,0.7957478838818819
723,5934,0.42011278195488644,24.3571428571429,3.7142857142857233,0.7958286016491043
724,5259,0.398590225563909,24.285714285714327,3.5714285714285805,0.7959144391667443
725,4447,0.37706766917293155,24.214285714285754,3.4285714285714377,0.7960210824786346
726,4141,0.3555451127819541,24.14285714285718,3.285714285714295,0.7961247846573062
727,3713,0.33402255639097667,24.07142857142861,3.142857142857152,0.7962204259523417
728,4629,0.3124999999999992,24.000000000000036,3.0000000000000093,0.796350598329981
729,6644,0.29118075801749194,23.900000000000034,2.7142857142857237,0.7964025583501768
730,6644,0.26986151603498465,23.800000000000033,2.428571428571438,0.7964822957396596
731,6982,0.24854227405247736,23.70000000000003,2.1428571428571526,0.7965545168998059
732,6478,0.22722303206997008,23.60000000000003,1.857142857142867,0.7966356703904681
733,6573,0.2059037900874628,23.50000000000003,1.5714285714285814,0.7967169328119902
734,6210,0.1845845481049555,23.400000000000027,1.2857142857142958,0.7967938379991144
735,7606,0.16326530612244822,23.300000000000026,1.0000000000000102,0.7969059278540022
736,10980,0.1605602476631293,23.328571428571454,1.142857142857153,0.7969467769264831
737,11105,0.15785518920381036,23.357142857142883,1.2857142857142958,0.7970038566970965
738,12044,0.15515013074449144,23.38571428571431,1.4285714285714386,0.797067254457587
739,11733,0.1524450722851725,23.41428571428574,1.5714285714285814,0.7971501508420084
740,11385,0.14974001382585359,23.442857142857168,1.7142857142857242,0.7972296703697712
741,10508,0.14703495536653466,23.471428571428596,1.857142857142867,0.7972941574388612
742,12623,0.14432989690721573,23.500000000000025,2.0000000000000098,0.7974069008789086
743,16853,0.13263991163475622,23.54285714285717,2.0000000000000098,0.7974514536006279
744,15179,0.12094992636229672,23.585714285714314,2.0000000000000098,0.7974999278333053
745,14941,0.10925994108983722,23.62857142857146,2.0000000000000098,0.7975604933914371
746,13725,0.09756995581737772,23.671428571428603,2.0000000000000098,0.7976280305246056
747,12327,0.08587997054491822,23.714285714285747,2.0000000000000098,0.7976889228753172
748,11142,0.07418998527245872,23.75714285714289,2.0000000000000098,0.7977504688111885
749,13163,0.06249999999999922,23.800000000000036,2.0000000000000098,0.7978526459578209
750,17535,0.0636724386724379,23.88571428571432,1.857142857142867,0.7978961093709406
751,15576,0.06484487734487657,23.971428571428607,1.7142857142857242,0.7979502480083354
752,14548,0.06601731601731524,24.057142857142892,1.5714285714285814,0.7980049313000299
753,12782,0.06718975468975391,24.142857142857178,1.4285714285714386,0.7980632093101028
754,11317,0.06836219336219258,24.228571428571463,1.2857142857142958,0.7981218141127554
755,9683,0.06953463203463126,24.31428571428575,1.142857142857153,0.7981818350165875
756,10648,0.07070707070706993,24.400000000000034,1.0000000000000102,0.7982810710300012
757,14493,0.06944258490650165,24.41428571428575,1.142857142857153,0.7983104823621875
758,12112,0.06817809910593338,24.428571428571466,1.2857142857142958,0.7983503510569289
759,11449,0.0669136133053651,24.442857142857182,1.4285714285714386,0.7983944680552083
760,8478,0.06564912750479683,24.457142857142898,1.5714285714285814,0.7984451209050847
761,7496,0.06438464170422856,24.471428571428614,1.7142857142857242,0.7985018738831183
762,5761,0.06312015590366028,24.48571428571433,1.857142857142867,0.798549803461496
763,6568,0.06185567010309201,24.500000000000046,2.0000000000000098,0.7986319373298977
764,8148,0.06194771723122161,24.58571428571433,2.1428571428571526,0.7986736578492583
765,7313,0.06203976435935121,24.671428571428617,2.2857142857142954,0.7987246374917144
766,6706,0.062131811487480815,24.757142857142902,2.428571428571438,0.798770606314613
767,5875,0.06222385861561042,24.842857142857188,2.571428571428581,0.7988270325000667
768,5227,0.06231590574374002,24.928571428571473,2.7142857142857237,0.7988884695050781
769,4271,0.06240795287186962,25.01428571428576,2.8571428571428665,0.7989536101593278
770,4604,0.06249999999999922,25.100000000000044,3.0000000000000093,0.7990568766145596
771,5614,0.06101190476190398,25.200000000000045,3.0000000000000093,0.799109708081635
772,4961,0.05952380952380874,25.300000000000047,3.0000000000000093,0.7991785523851229
773,4503,0.058035714285713504,25.40000000000005,3.0000000000000093,0.7992495753058098
774,3732,0.056547619047618264,25.50000000000005,3.0000000000000093,0.7993189642635974
775,2952,0.055059523809523024,25.60000000000005,3.0000000000000093,0.7993967408976012
776,2823,0.053571428571427784,25.700000000000053,3.0000000000000093,0.799439986449001
777,2768,0.052083333333332545,25.800000000000054,3.0000000000000093,0.7995128611943071
778,3413,0.05528115501519678,25.85714285714291,3.0000000000000093,0.7995294186850194
779,3398,0.058478976697061015,25.914285714285768,3.0000000000000093,0.799551422718729
780,2853,0.06167679837892525,25.971428571428625,3.0000000000000093,0.7996191777136175
781,2470,0.06487462006078948,26.02857142857148,3.0000000000000093,0.7996835558518475
782,2038,0.06807244174265371,26.08571428571434,3.0000000000000093,0.7997637289647701
783,1823,0.07127026342451795,26.142857142857196,3.0000000000000093,0.7998314839596585
784,1945,0.07446808510638218,26.200000000000053,3.0000000000000093,0.7999416130590672
785,2221,0.07573454913880366,26.21428571428577,3.142857142857152,0.7999919391163638
786,1912,0.07700101317122514,26.228571428571485,3.285714285714295,0.800032134603685
787,1657,0.07826747720364662,26.2428571428572,3.4285714285714377,0.8000773409105639
788,1480,0.07953394123606809,26.257142857142917,3.5714285714285805,0.8001267955209809
789,1191,0.08080040526848957,26.271428571428633,3.7142857142857233,0.8001724375512996
790,1156,0.08206686930091105,26.28571428571435,3.857142857142866,0.8002202581988174
791,1311,0.08333333333333252,26.300000000000065,4.000000000000009,0.8003210192442703
792,1718,0.08017492711370182,26.08571428571435,3.5714285714285805,0.8003558771194541
793,1798,0.07701652089407111,25.871428571428634,3.142857142857152,0.8003757025359649
794,1625,0.07385811467444041,25.65714285714292,2.7142857142857237,0.8004178587787653
795,1401,0.0706997084548097,25.442857142857203,2.2857142857142954,0.8004563113723273
796,1277,0.067541302235179,25.228571428571488,1.8571428571428668,0.8004957443436289
797,1134,0.0643828960155483,25.014285714285773,1.4285714285714382,0.8005434560602867
798,1242,0.06122448979591758,24.800000000000058,1.0000000000000095,0.8006309275408259
799,1396,0.07412315575580804,24.714285714285772,0.8571428571428668,0.8006636067988107
800,1372,0.08702182171569849,24.628571428571487,0.714285714285724,0.800697266434535
801,1191,0.09992048767558893,24.5428571428572,0.5714285714285812,0.8007307082085394
802,1114,0.11281915363547938,24.457142857142916,0.4285714285714383,0.8007633874665242
803,996,0.12571781959536985,24.37142857142863,0.28571428571429547,0.8008059794327643
804,896,0.1386164855552603,24.285714285714345,0.14285714285715262,0.8008454124040659
805,1163,0.15151515151515074,24.20000000000006,9.769962616701378e-15,0.8009236247615095
806,1224,0.15151515151515074,24.20000000000006,9.769962616701378e-15,0.8009481342049981
807,1152,0.15151515151515074,24.20000000000006,9.769962616701378e-15,0.8009728615102065
808,1114,0.15151515151515074,24.20000000000006,9.769962616701378e-15,0.8009992227783143
809,994,0.15151515151515074,24.20000000000006,9.769962616701378e-15,0.8010267822858814
810,856,0.15151515151515074,24.20000000000006,9.769962616701378e-15,0.801059897267306
811,740,0.15151515151515074,24.20000000000006,9.769962616701378e-15,0.8010950819350696
812,924,0.15151515151515074,24.20000000000006,9.769962616701378e-15,0.8011635994459776
813,1050,0.15151515151515074,24.20000000000006,9.769962616701378e-15,0.8011826623464687
814,980,0.15151515151515074,24.20000000000006,9.769962616701378e-15,0.8012028145555594
815,900,0.15151515151515074,24.20000000000006,9.769962616701378e-15,0.8012271061373281
816,881,0.15151515151515074,24.20000000000006,9.769962616701378e-15,0.8012485655167381
817,832,0.15151515151515074,24.20000000000006,9.769962616701378e-15,0.8012724213750669
818,758,0.15151515151515074,24.20000000000006,9.769962616701378e-15,0.8012972576111353
819,869,0.15151515151515074,24.20000000000006,9.769962616701378e-15,0.8013459497055326
820,1077,0.15151515151515074,24.20000000000006,9.769962616701378e-15,0.8013613089567855
821,1039,0.15151515151515074,24.20000000000006,9.769962616701378e-15,0.8013910470815516
822,1110,0.15151515151515074,24.20000000000006,9.769962616701378e-15,0.8014232906160966
823,913,0.15151515151515074,24.20000000000006,9.769962616701378e-15,0.8014581484912804
824,1079,0.15151515151515074,24.20000000000006,9.769962616701378e-15,0.8014684969229755
825,1147,0.15151515151515074,24.20000000000006,9.769962616701378e-15,0.8014771024609115
826,1051,0.15151515151515074,24.20000000000006,9.769962616701378e-15,0.8014968189465623
