Days_since_March1,cases,NV_proportion,mean_CT,OR_only,vaccinated
0,0,0.0,0.0,0.0,0.0
1,0,0.0,0.0,0.0,0.0
2,0,0.0,0.0,0.0,0.0
3,1,0.0,0.0,0.0,0.0
4,0,0.0,0.0,0.0,0.0
5,0,0.0,0.0,0.0,0.0
6,2,0.0,0.0,0.0,0.0
7,1,0.0,0.0,0.0,0.0
8,3,0.0,0.0,0.0,0.0
9,12,0.0,0.0,0.0,0.0
10,14,0.0,0.0,0.0,0.0
11,25,0.0,0.0,0.0,0.0
12,29,0.0,0.0,0.0,0.0
13,18,0.0,0.0,0.0,0.0
14,31,0.0,0.0,0.0,0.0
15,29,0.0,0.0,0.0,0.0
16,57,0.0,0.0,0.0,0.0
17,29,0.0,0.0,0.0,0.0
18,58,0.0,0.0,0.0,0.0
19,73,0.0,0.0,0.0,0.0
20,76,0.0,0.0,0.0,0.0
21,75,0.0,0.0,0.0,0.0
22,134,0.0,0.0,0.0,0.0
23,140,0.0,0.0,0.0,0.0
24,190,0.0,0.0,0.0,0.0
25,177,0.0,0.0,0.0,0.0
26,193,0.0,0.0,0.0,0.0
27,167,0.0,0.0,0.0,0.0
28,159,0.0,0.0,0.0,0.0
29,343,0.0,0.0,0.0,0.0
30,278,0.0,0.0,0.0,0.0
31,327,0.0,0.0,0.0,0.0
32,337,0.0,0.0,0.0,0.0
33,330,0.0,0.0,0.0,0.0
34,281,0.0,0.0,0.0,0.0
35,224,0.0,0.0,0.0,0.0
36,383,0.0,0.0,0.0,0.0
37,386,0.0,0.0,0.0,0.0
38,386,0.0,0.0,0.0,0.0
39,391,0.0,0.0,0.0,0.0
40,308,0.0,0.0,0.0,0.0
41,247,0.0,0.0,0.0,0.0
42,248,0.0,0.0,0.0,0.0
43,273,0.0,0.0,0.0,0.0
44,319,0.0,0.0,0.0,0.0
45,361,0.0,0.0,0.0,0.0
46,363,0.0,0.0,0.0,0.0
47,324,0.0,0.0,0.0,0.0
48,248,0.0,0.0,0.0,0.0
49,181,0.0,0.0,0.0,0.0
50,281,0.0,0.0,0.0,0.0
51,259,0.0,0.0,0.0,0.0
52,253,0.0,0.0,0.0,0.0
53,200,0.0,0.0,0.0,0.0
54,213,0.0,0.0,0.0,0.0
55,137,0.0,0.0,0.0,0.0
56,121,0.0,0.0,0.0,0.0
57,173,0.0,0.0,0.0,0.0
58,152,0.0,0.0,0.0,0.0
59,176,0.0,0.0,0.0,0.0
60,200,0.0,0.0,0.0,0.0
61,177,0.0,0.0,0.0,0.0
62,179,0.0,0.0,0.0,0.0
63,108,0.0,0.0,0.0,0.0
64,141,0.0,0.0,0.0,0.0
65,175,0.0,0.0,0.0,0.0
66,171,0.0,0.0,0.0,0.0
67,176,0.0,0.0,0.0,0.0
68,115,0.0,0.0,0.0,0.0
69,136,0.0,0.0,0.0,0.0
70,107,0.0,0.0,0.0,0.0
71,178,0.0,0.0,0.0,0.0
72,150,0.0,0.0,0.0,0.0
73,154,0.0,0.0,0.0,0.0
74,132,0.0,0.0,0.0,0.0
75,180,0.0,0.0,0.0,0.0
76,166,0.0,0.0,0.0,0.0
77,117,0.0,0.0,0.0,0.0
78,169,0.0,0.0,0.0,0.0
79,212,0.0,0.0,0.0,0.0
80,166,0.0,0.0,0.0,0.0
81,132,0.0,0.0,0.0,0.0
82,136,0.0,0.0,0.0,0.0
83,122,0.0,0.0,0.0,0.0
84,83,0.0,0.0,0.0,0.0
85,106,0.0,0.0,0.0,0.0
86,102,0.0,0.0,0.0,0.0
87,118,0.0,0.0,0.0,0.0
88,102,0.0,0.0,0.0,0.0
89,106,0.0,0.0,0.0,0.0
90,70,0.0,0.0,0.0,0.0
91,46,0.0,0.0,0.0,0.0
92,64,0.0,0.0,0.0,0.0
93,71,0.0,0.0,0.0,0.0
94,74,0.0,0.0,0.0,0.0
95,59,0.0,0.0,0.0,0.0
96,55,0.0,0.0,0.0,0.0
97,51,0.0,0.0,0.0,0.0
98,34,0.0,0.0,0.0,0.0
99,74,0.0,0.0,0.0,0.0
100,62,0.0,0.0,0.0,0.0
101,67,0.0,0.0,0.0,0.0
102,66,0.0,0.0,0.0,0.0
103,75,0.0,0.0,0.0,0.0
104,66,0.0,0.0,0.0,0.0
105,54,0.0,0.0,0.0,0.0
106,66,0.0,0.0,0.0,0.0
107,82,0.0,0.0,0.0,0.0
108,64,0.0,0.0,0.0,0.0
109,62,0.0,0.0,0.0,0.0
110,140,0.0,0.0,0.0,0.0
111,47,0.0,0.0,0.0,0.0
112,76,0.0,0.0,0.0,0.0
113,66,0.0,0.0,0.0,0.0
114,131,0.0,0.0,0.0,0.0
115,37,0.0,0.0,0.0,0.0
116,60,0.0,0.0,0.0,0.0
117,19,0.0,0.0,0.0,0.0
118,140,0.0,0.0,0.0,0.0
119,28,0.0,0.0,0.0,0.0
120,43,0.0,0.0,0.0,0.0
121,35,0.0,0.0,0.0,0.0
122,27,0.0,0.0,0.0,0.0
123,28,0.0,0.0,0.0,0.0
124,19,0.0,0.0,0.0,0.0
125,8,0.0,0.0,0.0,0.0
126,12,0.0,0.0,0.0,0.0
127,35,0.0,0.0,0.0,0.0
128,29,0.0,0.0,0.0,0.0
129,14,0.0,0.0,0.0,0.0
130,22,0.0,0.0,0.0,0.0
131,29,0.0,0.0,0.0,0.0
132,12,0.0,0.0,0.0,0.0
133,10,0.0,0.0,0.0,0.0
134,24,0.0,0.0,0.0,0.0
135,23,0.0,0.0,0.0,0.0
136,18,0.0,0.0,0.0,0.0
137,25,0.0,0.0,0.0,0.0
138,17,0.0,0.0,0.0,0.0
139,11,0.0,0.0,0.0,0.0
140,10,0.0,0.0,0.0,0.0
141,43,0.0,0.0,0.0,0.0
142,61,0.0,0.0,0.0,0.0
143,25,0.0,0.0,0.0,0.0
144,31,0.0,0.0,0.0,0.0
145,30,0.0,0.0,0.0,0.0
146,24,0.0,0.0,0.0,0.0
147,35,0.0,0.0,0.0,0.0
148,23,0.0,0.0,0.0,0.0
149,27,0.0,0.0,0.0,0.0
150,27,0.0,0.0,0.0,0.0
151,30,0.0,0.0,0.0,0.0
152,16,0.0,0.0,0.0,0.0
153,16,0.0,0.0,0.0,0.0
154,14,0.0,0.0,0.0,0.0
155,22,0.0,0.0,0.0,0.0
156,24,0.0,0.0,0.0,0.0
157,22,0.0,0.0,0.0,0.0
158,22,0.0,0.0,0.0,0.0
159,16,0.0,0.0,0.0,0.0
160,5,0.0,0.0,0.0,0.0
161,8,0.0,0.0,0.0,0.0
162,19,0.0,0.0,0.0,0.0
163,27,0.0,0.0,0.0,0.0
164,24,0.0,0.0,0.0,0.0
165,17,0.0,0.0,0.0,0.0
166,17,0.0,0.0,0.0,0.0
167,10,0.0,0.0,0.0,0.0
168,18,0.0,0.0,0.0,0.0
169,19,0.0,0.0,0.0,0.0
170,38,0.0,0.0,0.0,0.0
171,35,0.0,0.0,0.0,0.0
172,31,0.0,0.0,0.0,0.0
173,23,0.0,0.0,0.0,0.0
174,19,0.0,0.0,0.0,0.0
175,11,0.0,0.0,0.0,0.0
176,36,0.0,0.0,0.0,0.0
177,50,0.0,0.0,0.0,0.0
178,44,0.0,0.0,0.0,0.0
179,50,0.0,0.0,0.0,0.0
180,52,0.0,0.0,0.0,0.0
181,44,0.0,0.0,0.0,0.0
182,46,0.0,0.0,0.0,0.0
183,44,0.0,0.0,0.0,0.0
184,58,0.0,0.0,0.0,0.0
185,95,0.0,0.0,0.0,0.0
186,126,0.0,0.0,0.0,0.0
187,149,0.0,0.0,0.0,0.0
188,128,0.0,0.0,0.0,0.0
189,131,0.0,0.0,0.0,0.0
190,159,0.0,0.0,0.0,0.0
191,143,0.0,0.0,0.0,0.0
192,158,0.0,0.0,0.0,0.0
193,186,0.0,0.0,0.0,0.0
194,145,0.0,0.0,0.0,0.0
195,140,0.0,0.0,0.0,0.0
196,164,0.0,0.0,0.0,0.0
197,192,0.0,0.0,0.0,0.0
198,164,0.0,0.0,0.0,0.0
199,207,0.0,0.0,0.0,0.0
200,261,0.0,0.0,0.0,0.0
201,246,0.0,0.0,0.0,0.0
202,280,0.0,0.0,0.0,0.0
203,252,0.0,20.2,0.0,0.0
204,312,0.0,20.928571428571427,0.0,0.0
205,380,0.0,21.657142857142855,0.0,0.0
206,378,0.0,22.385714285714283,0.0,0.0
207,316,0.0,23.11428571428571,0.0,0.0
208,385,0.0,23.842857142857138,0.0,0.0
209,403,0.0,24.571428571428566,0.0,0.0
210,317,0.0,25.299999999999994,0.0,0.0
211,426,0.0,25.599999999999994,0.0,0.0
212,466,0.0,25.899999999999995,0.0,0.0
213,601,0.0,26.199999999999996,0.0,0.0
214,628,0.0,26.499999999999996,0.0,0.0
215,603,0.0,26.799999999999997,0.0,0.0
216,518,0.0,27.099999999999998,0.0,0.0
217,614,0.0,27.4,0.0,0.0
218,703,0.0,27.314285714285713,0.7142857142857143,0.0
219,771,0.0,27.228571428571428,1.4285714285714286,0.0
220,851,0.0,27.142857142857142,2.142857142857143,0.0
221,827,0.0,27.057142857142857,2.857142857142857,0.0
222,781,0.0,26.97142857142857,3.5714285714285716,0.0
223,620,0.0,26.885714285714286,4.285714285714286,0.0
224,626,0.0,26.8,5.0,0.0
225,782,0.0,26.985714285714288,4.857142857142857,0.0
226,953,0.0,27.171428571428574,4.7142857142857135,0.0
227,906,0.0,27.35714285714286,4.57142857142857,0.0
228,790,0.0,27.542857142857148,4.428571428571427,0.0
229,951,0.0,27.728571428571435,4.285714285714284,0.0
230,708,0.0,27.91428571428572,4.142857142857141,0.0
231,716,0.0,28.10000000000001,3.999999999999998,0.0
232,1111,0.0,27.70000000000001,3.428571428571426,0.0
233,1236,0.0,27.30000000000001,2.857142857142855,0.0
234,1266,0.0,26.900000000000013,2.285714285714284,0.0
235,1056,0.0,26.500000000000014,1.7142857142857124,0.0
236,1197,0.0,26.100000000000016,1.142857142857141,0.0
237,1025,0.0,25.700000000000017,0.5714285714285696,0.0
238,940,0.0,25.30000000000002,-1.7763568394002505e-15,0.0
239,1557,0.0,25.81428571428573,0.8571428571428553,0.0
240,1478,0.0,26.328571428571443,1.7142857142857124,0.0
241,1357,0.0,26.842857142857156,2.5714285714285694,0.0
242,1583,0.0,27.35714285714287,3.4285714285714266,0.0
243,1241,0.0,27.87142857142858,4.285714285714284,0.0
244,879,0.0,28.385714285714293,5.142857142857141,0.0
245,947,0.25609756097560976,28.900000000000006,5.999999999999997,0.0
246,1409,0.2557026713124274,28.900000000000006,5.142857142857141,0.0
247,1235,0.25530778164924506,28.900000000000006,4.285714285714284,0.0
248,1095,0.2549128919860627,28.900000000000006,3.4285714285714266,0.0
249,1016,0.25451800232288035,28.900000000000006,2.5714285714285694,0.0
250,877,0.254123112659698,28.900000000000006,1.7142857142857122,0.0
251,605,0.25372822299651565,28.900000000000006,0.8571428571428551,0.0
252,698,0.2533333333333333,28.900000000000006,-1.9984014443252818e-15,0.0
253,1009,0.25481946624803764,29.042857142857148,-1.9984014443252818e-15,0.0
254,964,0.256305599162742,29.18571428571429,-1.9984014443252818e-15,0.0
255,855,0.2577917320774463,29.328571428571433,-1.9984014443252818e-15,0.0
256,773,0.25927786499215066,29.471428571428575,-1.9984014443252818e-15,0.0
257,859,0.260763997906855,29.614285714285717,-1.9984014443252818e-15,0.0
258,629,0.26225013082155935,29.75714285714286,-1.9984014443252818e-15,0.0
259,627,0.2637362637362637,29.900000000000002,-1.9984014443252818e-15,0.0
260,993,0.23626373626373623,29.842857142857145,1.7142857142857122,0.0
261,1041,0.20879120879120877,29.78571428571429,3.428571428571426,0.0
262,987,0.1813186813186813,29.72857142857143,5.142857142857141,0.0
263,920,0.15384615384615385,29.671428571428574,6.857142857142855,0.0
264,936,0.1263736263736264,29.614285714285717,8.57142857142857,0.0
265,680,0.09890109890109892,29.55714285714286,10.285714285714283,0.0
266,717,0.07142857142857145,29.500000000000004,11.999999999999996,0.0
267,1030,0.07646258503401362,29.071428571428577,11.857142857142854,0.0
268,1093,0.0814965986394558,28.64285714285715,11.714285714285712,0.0
269,1336,0.08653061224489797,28.214285714285722,11.57142857142857,0.0
270,1160,0.09156462585034014,27.785714285714295,11.428571428571427,0.0
271,1035,0.09659863945578231,27.35714285714287,11.285714285714285,0.0
272,844,0.10163265306122449,26.92857142857144,11.142857142857142,0.0
273,966,0.10666666666666666,26.500000000000014,11.0,0.0
274,1505,0.1285343228200371,26.357142857142872,10.285714285714286,0.0
275,1609,0.15040197897340754,26.21428571428573,9.571428571428573,0.0
276,1651,0.17226963512677798,26.071428571428587,8.85714285714286,0.0
277,1803,0.19413729128014842,25.928571428571445,8.142857142857146,0.0
278,1701,0.21600494743351886,25.785714285714302,7.4285714285714315,0.0
279,1533,0.2378726035868893,25.64285714285716,6.714285714285717,0.0
280,1697,0.2597402597402597,25.500000000000018,6.000000000000003,0.0
281,2511,0.2415849456665783,25.17142857142859,5.142857142857146,0.0
282,2601,0.22342963159289686,24.84285714285716,4.285714285714289,0.0
283,2692,0.20527431751921543,24.51428571428573,3.428571428571432,0.0
284,2664,0.187119003445534,24.1857142857143,2.5714285714285747,0.0
285,2811,0.16896368937185258,23.857142857142872,1.7142857142857175,0.0
286,2286,0.15080837529817115,23.528571428571443,0.8571428571428604,0.0
287,2734,0.13265306122448972,23.200000000000014,3.3306690738754696e-15,0.0
288,3538,0.1364298966339782,23.228571428571442,0.8571428571428604,0.0
289,3182,0.14020673204346668,23.25714285714287,1.7142857142857175,0.0
290,3139,0.14398356745295515,23.2857142857143,2.5714285714285747,0.0
291,2776,0.14776040286244363,23.314285714285727,3.428571428571432,0.0
292,2537,0.1515372382719321,23.342857142857156,4.285714285714289,0.0
293,2170,0.15531407368142058,23.371428571428584,5.142857142857146,0.0
294,2209,0.15909090909090906,23.400000000000013,6.000000000000003,0.0
295,2743,0.16772252138105795,23.771428571428583,5.142857142857146,0.0
296,2705,0.17635413367120684,24.142857142857153,4.285714285714289,0.0
297,2443,0.18498574596135572,24.514285714285723,3.428571428571432,0.0
298,1473,0.1936173582515046,24.885714285714293,2.5714285714285747,0.0
299,642,0.2022489705416535,25.257142857142863,1.7142857142857175,0.0
300,1893,0.2108805828318024,25.628571428571433,0.8571428571428604,0.0
301,2495,0.21951219512195128,26.000000000000004,3.3306690738754696e-15,0.0
302,2356,0.26591099545715174,26.242857142857147,0.5714285714285747,0.0
303,3563,0.3123097957923522,26.48571428571429,1.1428571428571461,0.0
304,2698,0.3587085961275526,26.728571428571435,1.7142857142857175,0.0
305,2009,0.40510739646275307,26.97142857142858,2.285714285714289,0.0
306,1214,0.4515061967979535,27.214285714285722,2.8571428571428603,0.0
307,2093,0.49790499713315395,27.457142857142866,3.4285714285714315,0.0
308,1810,0.5443037974683544,27.70000000000001,4.000000000000003,0.0
309,2656,0.5527994813879695,28.014285714285723,6.428571428571431,0.0
310,2384,0.5612951653075846,28.328571428571436,8.85714285714286,0.0
311,1991,0.5697908492271997,28.64285714285715,11.285714285714288,0.0
312,1665,0.5782865331468148,28.957142857142863,13.714285714285717,0.0
313,1596,0.5867822170664299,29.271428571428576,16.142857142857146,0.0
314,1142,0.5952779009860449,29.58571428571429,18.571428571428573,0.0
315,1175,0.60377358490566,29.900000000000002,21.0,0.0
316,1736,0.6143725158755536,30.028571428571432,21.0,0.0
317,1601,0.6249714468454473,30.157142857142862,21.0,0.0016492862555144044
318,1463,0.6355703778153409,30.285714285714292,21.0,0.004862857090297471
319,1312,0.6461693087852345,30.41428571428572,21.0,0.00854266846269711
320,1212,0.6567682397551281,30.54285714285715,21.0,0.012793386615851735
321,1005,0.6673671707250217,30.67142857142858,21.0,0.02083746315668949
322,825,0.6779661016949153,30.80000000000001,21.0,0.02407101572879898
323,1397,0.6714928101991402,31.02857142857144,22.285714285714285,0.02847461003102244
324,1081,0.6650195187033651,31.257142857142867,23.57142857142857,0.03311132460205419
325,970,0.6585462272075899,31.485714285714295,24.857142857142854,0.0400516480334323
326,909,0.6520729357118148,31.714285714285722,26.14285714285714,0.049005369378273
327,770,0.6455996442160397,31.94285714285715,27.428571428571423,0.05661460525443571
328,541,0.6391263527202645,32.17142857142858,28.714285714285708,0.058611193134909395
329,396,0.6326530612244894,32.400000000000006,29.999999999999993,0.06455274687040004
330,846,0.6523443100893749,32.157142857142865,26.714285714285708,0.07176488536350428
331,731,0.6720355589542604,31.91428571428572,23.428571428571423,0.07930275789207261
332,703,0.6917268078191459,31.671428571428578,20.14285714285714,0.08760691418858764
333,658,0.7114180566840314,31.428571428571434,16.857142857142854,0.09266483109564307
334,598,0.7311093055489168,31.18571428571429,13.57142857142857,0.10067750776353929
335,486,0.7508005544138023,30.942857142857147,10.285714285714285,0.10475092764422612
336,461,0.7704918032786878,30.700000000000003,6.999999999999999,0.11215178254541326
337,612,0.7629425540708079,30.142857142857146,6.7142857142857135,0.11940134714970033
338,597,0.755393304862928,29.58571428571429,6.428571428571428,0.12830527273644185
339,579,0.7478440556550481,29.028571428571432,6.142857142857142,0.13860443106126177
340,501,0.7402948064471682,28.471428571428575,5.857142857142857,0.1493739531393371
341,501,0.7327455572392882,27.914285714285718,5.571428571428571,0.1597216385405212
342,359,0.7251963080314083,27.35714285714286,5.285714285714286,0.16427430294660847
343,284,0.7176470588235284,26.800000000000004,5.0,0.17213505497673715
344,492,0.7234209812957432,27.48571428571429,5.571428571428571,0.18059050157015225
345,464,0.7291949037679579,28.171428571428578,6.142857142857142,0.18968631526931418
346,448,0.7349688262401727,28.857142857142865,6.7142857142857135,0.19978724207303863
347,377,0.7407427487123874,29.54285714285715,7.285714285714285,0.21041276877419018
348,408,0.7465166711846022,30.22857142857144,7.857142857142856,0.2174558554261042
349,281,0.7522905936568169,30.914285714285725,8.428571428571427,0.22162918399342316
350,288,0.7580645161290317,31.600000000000012,8.999999999999998,0.22515548487588646
351,452,0.7753107107945811,31.12857142857144,7.714285714285713,0.22877883991107809
352,442,0.7925569054601306,30.65714285714287,6.428571428571427,0.23362583847968793
353,373,0.80980310012568,30.185714285714297,5.1428571428571415,0.23883758304711344
354,343,0.8270492947912295,29.714285714285726,3.857142857142856,0.2435440751135708
355,309,0.8442954894567789,29.242857142857154,2.5714285714285703,0.24550387122372916
356,267,0.8615416841223283,28.771428571428583,1.2857142857142845,0.24619054521280392
357,273,0.8787878787878778,28.30000000000001,-1.3322676295501878e-15,0.2485391922747432
358,336,0.8675324675324665,28.80000000000001,3.1428571428571415,0.25134710212475647
359,288,0.8562770562770552,29.30000000000001,6.285714285714285,0.2547611246736713
360,264,0.8450216450216439,29.80000000000001,9.428571428571427,0.25890463922021745
361,225,0.8337662337662326,30.30000000000001,12.57142857142857,0.2633456596336237
362,202,0.8225108225108213,30.80000000000001,15.714285714285712,0.26565434322091014
363,139,0.81125541125541,31.30000000000001,18.857142857142854,0.26630581129183833
364,207,0.7999999999999987,31.80000000000001,21.999999999999996,0.26878481540205
365,244,0.7764705882352928,31.585714285714296,19.999999999999996,0.2714909135428286
366,237,0.7529411764705869,31.37142857142858,17.999999999999996,0.27451132758345625
367,209,0.729411764705881,31.157142857142865,15.999999999999996,0.2794281036474917
368,199,0.7058823529411751,30.94285714285715,13.999999999999996,0.2846224038410608
369,131,0.6823529411764692,30.728571428571435,11.999999999999996,0.28831426768994306
370,169,0.6588235294117633,30.51428571428572,9.999999999999996,0.28934094838400076
371,146,0.6352941176470573,30.300000000000004,7.9999999999999964,0.29222561347898224
372,258,0.6873949579831918,30.442857142857147,11.571428571428568,0.2959742508355062
373,165,0.7394957983193263,30.58571428571429,15.142857142857139,0.30070992258186885
374,202,0.7915966386554608,30.72857142857143,18.71428571428571,0.30789256422463407
375,228,0.8436974789915953,30.871428571428574,22.285714285714285,0.31662807231105283
376,206,0.8957983193277298,31.014285714285716,25.857142857142858,0.3258796166931874
377,190,0.9478991596638643,31.15714285714286,29.42857142857143,0.3288714853947773
378,158,0.9999999999999988,31.3,33.0,0.33424276669038044
379,196,0.8571428571428559,31.65714285714286,33.714285714285715,0.3397567746811723
380,183,0.7142857142857131,32.01428571428571,34.42857142857143,0.3470212462958458
381,183,0.5714285714285703,32.37142857142857,35.142857142857146,0.3546162095024896
382,218,0.42857142857142744,32.72857142857142,35.85714285714286,0.3634110284600202
383,177,0.2857142857142846,33.085714285714275,36.57142857142858,0.37195528277488604
384,152,0.14285714285714174,33.44285714285713,37.28571428571429,0.3765279289182997
385,139,-1.1102230246251565e-15,33.79999999999998,38.00000000000001,0.38130578433235146
386,198,-1.1102230246251565e-15,33.69999999999998,35.42857142857144,0.38597580179892726
387,163,-1.1102230246251565e-15,33.59999999999998,32.85714285714287,0.39143557364554743
388,190,-1.1102230246251565e-15,33.49999999999998,30.285714285714295,0.39823317038173683
389,199,-1.1102230246251565e-15,33.39999999999998,27.714285714285722,0.4057612106268588
390,152,-1.1102230246251565e-15,33.299999999999976,25.14285714285715,0.4128112750283154
391,87,-1.1102230246251565e-15,33.199999999999974,22.571428571428577,0.41698745812953814
392,103,-1.1102230246251565e-15,33.09999999999997,20.000000000000004,0.421097986950974
393,123,0.14285714285714174,32.199999999999974,17.142857142857146,0.42537122420492507
394,137,0.2857142857142846,31.299999999999976,14.285714285714288,0.43066860478946384
395,108,0.42857142857142744,30.399999999999977,11.42857142857143,0.43605891631109217
396,94,0.5714285714285703,29.49999999999998,8.571428571428573,0.43978979212332603
397,64,0.7142857142857131,28.59999999999998,5.714285714285715,0.44313847756288777
398,58,0.8571428571428559,27.69999999999998,2.857142857142858,0.4454129067433289
399,76,0.9999999999999987,26.799999999999983,8.881784197001252e-16,0.4463073273665117
400,72,0.9999999999999987,27.52857142857141,3.5714285714285725,0.4493042707950416
401,105,0.9999999999999987,28.25714285714284,7.142857142857144,0.4547339114504553
402,105,0.9999999999999987,28.985714285714266,10.714285714285715,0.4602406245212709
403,90,0.9999999999999987,29.714285714285694,14.285714285714286,0.46632839382672153
404,72,0.9999999999999987,30.44285714285712,17.857142857142858,0.4715414070758821
405,51,0.9999999999999987,31.17142857142855,21.42857142857143,0.47633036345511515
406,55,0.9999999999999987,31.899999999999977,25.000000000000004,0.48111583095957694
407,107,0.9999999999999987,31.914285714285693,35.714285714285715,0.486933688225904
408,64,0.9999999999999987,31.92857142857141,46.42857142857143,0.4928847570744072
409,80,0.9999999999999987,31.942857142857125,57.142857142857146,0.49827126255083054
410,70,0.9999999999999987,31.95714285714284,67.85714285714286,0.5034255992697468
411,60,0.9999999999999987,31.971428571428557,78.57142857142857,0.5072376707130213
412,38,0.9999999999999987,31.985714285714273,89.28571428571428,0.50951019687086
413,54,0.9999999999999987,31.99999999999999,99.99999999999999,0.511612719676207
414,74,0.9999999999999987,31.62857142857142,85.7142857142857,0.5158247430364439
415,57,0.9999999999999987,31.25714285714285,71.4285714285714,0.5206086246887369
416,63,0.9999999999999987,30.88571428571428,57.14285714285712,0.5253084561760855
417,55,0.9999999999999987,30.51428571428571,42.85714285714283,0.530330215653693
418,48,0.9999999999999987,30.14285714285714,28.571428571428548,0.5336538446289883
419,38,0.9999999999999987,29.77142857142857,14.285714285714262,0.5364417727416751
420,32,0.9999999999999987,29.4,-2.4868995751603507e-14,0.5389702554395522
421,56,0.9999999999999987,29.77857142857143,-2.4868995751603507e-14,0.5437535027509778
422,60,0.9999999999999987,30.15714285714286,-2.4868995751603507e-14,0.5488355246109984
423,48,0.9999999999999987,30.53571428571429,-2.4868995751603507e-14,0.5534386191160523
424,55,0.9999999999999987,30.914285714285718,-2.4868995751603507e-14,0.5584917784666015
425,34,0.9999999999999987,31.292857142857148,-2.4868995751603507e-14,0.5609628533159693
426,32,0.9999999999999987,31.671428571428578,-2.4868995751603507e-14,0.5630891639038479
427,27,0.9999999999999987,32.050000000000004,-2.4868995751603507e-14,0.56404352973901
428,27,0.9999999999999987,32.42857142857143,-2.4868995751603507e-14,0.5668194053752142
429,56,0.9999999999999987,32.80714285714286,-2.4868995751603507e-14,0.5703780576419203
430,45,0.9999999999999987,33.18571428571428,-2.4868995751603507e-14,0.57406548110473
431,65,0.9999999999999987,33.56428571428571,-2.4868995751603507e-14,0.5783983464002266
432,39,0.9999999999999987,33.942857142857136,-2.4868995751603507e-14,0.5825919738753057
433,31,0.9999999999999987,34.32142857142856,-2.4868995751603507e-14,0.5864367138732568
434,30,0.9999999999999987,34.69999999999999,-2.4868995751603507e-14,0.5907756054069947
435,42,0.9999999999999987,33.928571428571416,4.7142857142856895,0.5948946978301419
436,66,0.9999999999999987,33.157142857142844,9.428571428571404,0.5993826594677436
437,62,0.9999999999999987,32.38571428571427,14.142857142857117,0.6041284806679863
438,39,0.9999999999999987,31.6142857142857,18.857142857142833,0.6089355157619433
439,44,0.9999999999999987,30.842857142857127,23.571428571428548,0.6131288260665887
440,28,0.9999999999999987,30.071428571428555,28.285714285714263,0.6158701301255138
441,31,0.9999999999999987,29.299999999999983,32.99999999999998,0.6184398449797788
442,51,0.9999999999999987,29.48571428571427,31.857142857142836,0.6216451693832843
443,45,0.9999999999999987,29.671428571428557,30.714285714285694,0.6254813457795241
444,35,0.9999999999999987,29.857142857142843,29.57142857142855,0.6291551309136824
445,47,0.9999999999999987,30.04285714285713,28.42857142857141,0.632754063825475
446,52,0.9999999999999987,30.228571428571417,27.285714285714267,0.6361756984647999
447,35,0.9999999999999987,30.414285714285704,26.142857142857125,0.6385351293214868
448,21,0.9999999999999987,30.59999999999999,24.999999999999982,0.6404559134682936
449,41,0.9999999999999987,30.442857142857132,21.42857142857141,0.6427801384068339
450,50,0.9999999999999987,30.285714285714274,17.857142857142836,0.6451278339574719
451,30,0.9999999999999987,30.128571428571416,14.285714285714265,0.6476696378135666
452,37,0.9999999999999987,29.971428571428557,10.714285714285694,0.6499837132982268
453,40,0.9999999999999987,29.8142857142857,7.142857142857123,0.6519083034902386
454,41,0.9999999999999987,29.65714285714284,3.571428571428551,0.6533812429845864
455,39,0.9999999999999987,29.499999999999982,-2.042810365310288e-14,0.653762799016391
456,60,0.8571428571428559,29.714285714285698,3.571428571428551,0.6554866203238373
457,59,0.7142857142857131,29.928571428571413,7.142857142857123,0.6581251611622266
458,81,0.5714285714285703,30.142857142857128,10.714285714285694,0.6608515582107655
459,88,0.42857142857142744,30.357142857142843,14.285714285714265,0.6625607896782592
460,65,0.2857142857142846,30.57142857142856,17.857142857142836,0.6640885996576462
461,77,0.14285714285714174,30.785714285714274,21.42857142857141,0.66523834248
462,68,-1.1102230246251565e-15,30.99999999999999,24.999999999999982,0.6658638025753605
463,105,0.04817275747508194,30.17142857142856,23.42857142857141,0.6674601213684381
464,117,0.096345514950165,29.34285714285713,21.857142857142836,0.6690539027980459
465,129,0.14451827242524806,28.514285714285702,20.285714285714263,0.671014016078638
466,141,0.1926910299003311,27.685714285714273,18.71428571428569,0.6728171299945225
467,130,0.24086378737541414,26.857142857142843,17.142857142857117,0.6746250014669133
468,85,0.2890365448504972,26.028571428571414,15.571428571428546,0.6755704865299302
469,112,0.3372093023255802,25.199999999999985,13.999999999999975,0.676227663668666
470,159,0.31675509495710696,25.542857142857127,11.999999999999975,0.6775528017408851
471,194,0.2963008875886337,25.88571428571427,9.999999999999975,0.6785734561967015
472,189,0.27584668022016046,26.22857142857141,7.999999999999975,0.6795354341222737
473,222,0.2553924728516872,26.57142857142855,5.999999999999975,0.6809639697558961
474,174,0.23493826548321395,26.914285714285693,3.999999999999975,0.6819329254310108
475,195,0.2144840581147407,27.257142857142835,1.9999999999999751,0.6824464243632565
476,187,0.19402985074626744,27.599999999999977,-2.4868995751603507e-14,0.6829415274103446
477,342,0.16631130063965763,26.857142857142833,0.9999999999999751,0.6839599616731248
478,344,0.13859275053304781,26.11428571428569,1.9999999999999751,0.6850389754887517
479,413,0.110874200426438,25.371428571428545,2.999999999999975,0.6857139141717776
480,413,0.08315565031982819,24.6285714285714,3.999999999999975,0.6863844124687309
481,377,0.05543710021321838,23.885714285714258,4.999999999999975,0.6870644258786969
482,252,0.027718550106608567,23.142857142857114,5.999999999999975,0.6873638347681595
483,364,-1.2420620087993939e-15,22.39999999999997,6.999999999999975,0.6879426708097583
484,628,0.011627906976742946,22.5285714285714,7.999999999999975,0.6887983966400233
485,637,0.023255813953487133,22.65714285714283,8.999999999999975,0.6893962629076472
486,597,0.03488372093023132,22.78571428571426,9.999999999999975,0.6898510853096488
487,645,0.04651162790697551,22.91428571428569,10.999999999999975,0.6902405706022972
488,575,0.058139534883719694,23.04285714285712,11.999999999999975,0.6907134717190225
489,497,0.06976744186046388,23.17142857142855,12.999999999999975,0.6910937590690921
490,555,0.08139534883720807,23.29999999999998,13.999999999999975,0.6914369374784126
491,777,0.08389617027490659,23.857142857142836,12.714285714285689,0.6919393354454769
492,771,0.0863969917126051,24.414285714285693,11.428571428571402,0.6924122365622024
493,778,0.08889781315030362,24.97142857142855,10.142857142857116,0.6928518347833837
494,713,0.09139863458800214,25.528571428571407,8.85714285714283,0.6932984107541076
495,778,0.09389945602570066,26.085714285714264,7.571428571428544,0.6938173015837271
496,656,0.09640027746339917,26.64285714285712,6.285714285714258,0.6940900681567546
497,713,0.09890109890109769,27.199999999999978,4.9999999999999725,0.6945160280492845
498,916,0.09134051498583397,26.957142857142834,4.285714285714258,0.6949254950792593
499,1099,0.08377993107057025,26.71428571428569,3.5714285714285436,0.6952899239076412
500,1206,0.07621934715530652,26.471428571428547,2.8571428571428292,0.6955864782632001
501,1119,0.0686587632400428,26.228571428571403,2.142857142857115,0.6960733348790106
502,956,0.06109817932477908,25.98571428571426,1.4285714285714004,0.6963809901997507
503,640,0.05353759540951536,25.742857142857115,0.7142857142856861,0.6966239427520053
504,619,0.04597701149425164,25.49999999999997,-2.8199664825478976e-14,0.6968085359444495
505,910,0.0519677366967995,25.2285714285714,-2.8199664825478976e-14,0.6971488598198662
506,821,0.05795846189934736,24.957142857142827,-2.8199664825478976e-14,0.6974828402866079
507,802,0.06394918710189523,24.685714285714255,-2.8199664825478976e-14,0.6978114288559758
508,823,0.0699399123044431,24.414285714285683,-2.8199664825478976e-14,0.6980832439177019
509,684,0.07593063750699097,24.14285714285711,-2.8199664825478976e-14,0.6984663858016752
510,582,0.08192136270953884,23.871428571428538,-2.8199664825478976e-14,0.6987591341120291
511,529,0.08791208791208671,23.599999999999966,-2.8199664825478976e-14,0.6990988236465783
512,755,0.08156439833458347,23.928571428571395,1.1428571428571146,0.6994810140192503
513,768,0.07521670875708023,24.257142857142824,2.285714285714257,0.6998470286998011
514,688,0.06886901917957698,24.585714285714253,3.4285714285714,0.700276794637536
515,689,0.06252132960207374,24.914285714285683,4.571428571428543,0.7005904761965175
516,587,0.056173640024570495,25.242857142857112,5.714285714285685,0.7009098668233066
517,478,0.04982595044706725,25.57142857142854,6.8571428571428275,0.7010982660609557
518,525,0.04347826086956401,25.89999999999997,7.99999999999997,0.701377693213092
519,760,0.04155279503105469,25.814285714285685,6.8571428571428275,0.7016913747720734
520,736,0.03962732919254537,25.7285714285714,5.714285714285685,0.7019505030164495
521,796,0.03770186335403605,25.642857142857114,4.571428571428543,0.7022464230311407
522,788,0.035776397515526734,25.55714285714283,3.4285714285714,0.7026622334697906
523,707,0.033850931677017415,25.471428571428543,2.285714285714257,0.7031535304716736
524,580,0.031925465838508096,25.385714285714258,1.1428571428571144,0.7035576056042747
525,585,0.02999999999999878,25.299999999999972,-2.842170943040401e-14,0.7039670726342495
526,957,0.025714285714284496,24.95714285714283,1.1428571428571144,0.7045830176165974
527,946,0.02142857142857021,24.61428571428569,2.285714285714257,0.7051891303154989
528,1184,0.017142857142855926,24.271428571428547,3.4285714285714,0.7056594940687543
529,1259,0.012857142857141641,23.928571428571406,4.571428571428543,0.7061171710046595
530,1122,0.008571428571427356,23.585714285714264,5.714285714285685,0.7064936523095241
531,1003,0.00428571428571307,23.242857142857122,6.8571428571428275,0.7068694992735212
532,1098,-1.2160411566597418e-15,22.89999999999998,7.99999999999997,0.7074895674715078
533,1585,0.004870129870128654,23.42857142857141,8.714285714285683,0.7085987124783413
534,1736,0.009740259740258524,23.957142857142838,9.428571428571397,0.7096326880923752
535,1782,0.014610389610388394,24.485714285714266,10.14285714285711,0.7108236630711169
536,1858,0.019480519480518266,25.014285714285695,10.857142857142824,0.7119642079508919
537,1619,0.024350649350648138,25.542857142857123,11.571428571428537,0.7131491566913922
538,1390,0.02922077922077801,26.07142857142855,12.285714285714251,0.7134856745216039
539,1379,0.03409090909090788,26.59999999999998,12.999999999999964,0.7146528617178141
540,2049,0.036435786435785225,26.27142857142855,11.428571428571393,0.715958969564008
541,2156,0.03878066378066257,25.94285714285712,9.857142857142822,0.7171099810680968
542,2271,0.04112554112553991,25.614285714285693,8.285714285714251,0.7178293236118481
543,2187,0.04347041847041726,25.285714285714263,6.71428571428568,0.7183929354726267
544,1959,0.0458152958152946,24.957142857142834,5.142857142857109,0.7186729969656305
545,1516,0.048160173160171946,24.628571428571405,3.5714285714285374,0.7189197555630901
546,1438,0.05050505050504929,24.299999999999976,1.999999999999966,0.7189349797439103
547,1788,0.04636223991062579,24.38571428571426,2.71428571428568,0.7193482528190901
548,3022,0.04221942931620229,24.471428571428547,3.4285714285713946,0.7199641978014379
549,2870,0.03807661872177879,24.557142857142832,4.142857142857109,0.7206426253592352
550,2681,0.03393380812735529,24.642857142857117,4.857142857142823,0.721175154517506
551,2347,0.029790997532931792,24.728571428571403,5.571428571428537,0.7215881104222521
552,2160,0.025648186938508295,24.81428571428569,6.285714285714252,0.721799980271999
553,2108,0.0215053763440848,24.899999999999974,6.999999999999966,0.722051496425965
554,2902,0.018433179723501083,24.842857142857117,6.714285714285681,0.7223823051883691
555,2293,0.015360983102917366,24.78571428571426,6.428571428571395,0.7226265264223587
556,2382,0.012288786482333648,24.728571428571403,6.1428571428571095,0.7229024646997236
557,2319,0.00921658986174993,24.671428571428546,5.857142857142824,0.7232339078029953
558,1998,0.0061443932411662135,24.61428571428569,5.571428571428538,0.7234508523796822
559,1944,0.0030721966205824965,24.557142857142832,5.285714285714253,0.7235808922575209
560,1887,-1.2203779653496838e-15,24.499999999999975,4.999999999999967,0.7238098893106903
561,2986,0.004329004329003109,24.54285714285712,4.428571428571396,0.7238098893106903
562,2725,0.008658008658007438,24.585714285714264,3.857142857142825,0.724034763148221
563,2729,0.012987012987011767,24.62857142857141,3.2857142857142536,0.7242992832899708
564,2751,0.017316017316016095,24.671428571428553,2.7142857142856824,0.7246713242087629
565,2739,0.021645021645020423,24.714285714285698,2.1428571428571113,0.7249323554757414
566,2238,0.02597402597402475,24.757142857142842,1.5714285714285399,0.725050977217965
567,2556,0.03030303030302908,24.799999999999986,0.9999999999999685,0.72520607356007
568,3374,0.02888947786906848,24.699999999999985,0.8571428571428257,0.7253849576847066
569,3286,0.027475925435107882,24.599999999999984,0.7142857142856829,0.7255917528075134
570,3349,0.026062373001147283,24.499999999999982,0.5714285714285401,0.725719255321882
571,3310,0.024648820567186685,24.39999999999998,0.42857142857139724,0.7259263676151225
572,2701,0.023235268133226086,24.29999999999998,0.2857142857142544,0.7264833188967924
573,2215,0.021821715699265488,24.199999999999978,0.14285714285711154,0.7270745245853076
574,2205,0.02040816326530489,24.099999999999977,-3.1308289294429414e-14,0.7272362815065215
575,2530,0.017492711370261156,24.057142857142832,0.42857142857139724,0.7273786910312765
576,2598,0.014577259475217423,24.014285714285688,0.8571428571428258,0.727496044091765
577,2377,0.01166180758017369,23.971428571428543,1.2857142857142543,0.7276213264130974
578,2397,0.008746355685129957,23.9285714285714,1.7142857142856829,0.7277459743935623
579,1961,0.005830903790086225,23.885714285714254,2.1428571428571113,0.7288214993344179
580,1671,0.0029154518950424927,23.84285714285711,2.5714285714285396,0.7300391166295948
581,1883,-1.2394599235854287e-15,23.799999999999965,2.999999999999968,0.7302938044878982
582,2962,0.0014285714285701891,23.71428571428568,2.5714285714285396,0.7304485836595696
583,2870,0.0028571428571416177,23.628571428571394,2.1428571428571113,0.7311222536608605
584,2782,0.0042857142857130465,23.54285714285711,1.7142857142856827,0.7315704154837531
585,2418,0.005714285714284475,23.457142857142824,1.285714285714254,0.7318054387751639
586,2223,0.007142857142855903,23.371428571428538,0.8571428571428255,0.7334667775071609
587,1972,0.008571428571427332,23.285714285714253,0.4285714285713969,0.7352289764370913
588,1873,0.00999999999999876,23.199999999999967,-3.164135620181696e-14,0.735570568994243
589,2907,0.014402332361514794,23.357142857142826,0.28571428571425406,0.7360272944188471
590,3382,0.01880466472303083,23.514285714285684,0.5714285714285398,0.7363527112838774
591,3273,0.023206997084546863,23.671428571428542,0.8571428571428255,0.7367009644201379
592,3210,0.027609329446062897,23.8285714285714,1.1428571428571113,0.7371488090725968
593,3249,0.03201166180757893,23.98571428571426,1.4285714285713969,0.7388275921784503
594,3077,0.036413994169094965,24.142857142857117,1.7142857142856824,0.7403351032500771
595,2870,0.040816326530611,24.299999999999976,1.999999999999968,0.7407544025634983
596,4054,0.03927113702623782,24.328571428571404,1.7142857142856824,0.7411226374370853
597,3656,0.037725947521864645,24.357142857142833,1.4285714285713969,0.7415292499331563
598,3439,0.03618075801749147,24.38571428571426,1.1428571428571113,0.741891458568502
599,2921,0.03463556851311829,24.41428571428569,0.8571428571428256,0.7422841155654879
600,2642,0.03309037900874511,24.442857142857118,0.5714285714285399,0.7435277408362325
601,2193,0.031545189504371934,24.471428571428547,0.28571428571425417,0.7444256503341866
602,2285,0.029999999999998757,24.499999999999975,-3.1530333899354446e-14,0.7454615289708232
603,2961,0.02857142857142733,24.771428571428547,-3.1530333899354446e-14,0.7462354248291799
604,2639,0.0271428571428559,25.04285714285712,-3.1530333899354446e-14,0.7467742973961259
605,2594,0.025714285714284472,25.314285714285692,-3.1530333899354446e-14,0.7472855761353353
606,2611,0.024285714285713043,25.585714285714264,-3.1530333899354446e-14,0.747850456677849
607,2617,0.022857142857141615,25.857142857142836,-3.1530333899354446e-14,0.7485764598007091
608,2319,0.021428571428570187,26.12857142857141,-3.1530333899354446e-14,0.7494204503249252
609,2203,0.01999999999999876,26.39999999999998,-3.1530333899354446e-14,0.749735083395208
610,2873,0.0171428571428559,25.92857142857141,0.28571428571425417,0.7500693810323834
611,2461,0.014285714285713045,25.457142857142838,0.5714285714285399,0.7502977437446854
612,2400,0.011428571428570188,24.985714285714266,0.8571428571428256,0.7505118337874686
613,2276,0.008571428571427332,24.514285714285695,1.1428571428571113,0.7507579580440606
614,2029,0.005714285714284475,24.042857142857123,1.4285714285713969,0.7512980992927416
615,1627,0.0028571428571416177,23.57142857142855,1.7142857142856824,0.751655550371581
616,1799,-1.2394599235854287e-15,23.09999999999998,1.999999999999968,0.7519467128297661
617,2619,-1.2394599235854287e-15,23.09999999999998,1.999999999999968,0.7522188450619259
618,2485,-1.2394599235854287e-15,23.09999999999998,1.999999999999968,0.7524541855237705
619,2759,-1.2394599235854287e-15,23.09999999999998,1.999999999999968,0.7526298979440695
620,2567,-1.2394599235854287e-15,23.09999999999998,1.999999999999968,0.7528772908823967
621,2239,-1.2394599235854287e-15,23.09999999999998,1.999999999999968,0.7534231411988852
622,1840,-1.2394599235854287e-15,23.09999999999998,1.999999999999968,0.7536251787651858
623,1995,-1.2394599235854287e-15,23.09999999999998,1.999999999999968,0.7539068261103582
624,2770,-1.2394599235854287e-15,23.09999999999998,1.999999999999968,0.7542132127493634
625,1096,-1.2394599235854287e-15,23.09999999999998,1.999999999999968,0.7542132127493634
626,2,-1.2394599235854287e-15,23.09999999999998,1.999999999999968,0.7542132127493634
