areaCode,areaName,areaType,date,newCasesBySpecimenDate,newCasesLFDConfirmedPCRBySpecimenDate,newCasesLFDOnlyBySpecimenDate,newCasesPCROnlyBySpecimenDate
E92000001,England,nation,2022-05-31,3538,4.0,3394.0,140
E92000001,England,nation,2022-05-30,5436,81.0,4707.0,648
E92000001,England,nation,2022-05-29,4597,82.0,3927.0,588
E92000001,England,nation,2022-05-28,4075,140.0,3256.0,679
E92000001,England,nation,2022-05-27,4420,149.0,3378.0,893
E92000001,England,nation,2022-05-26,4772,138.0,3765.0,869
E92000001,England,nation,2022-05-25,5139,139.0,4100.0,900
E92000001,England,nation,2022-05-24,5562,173.0,4398.0,991
E92000001,England,nation,2022-05-23,6222,160.0,4937.0,1125
E92000001,England,nation,2022-05-22,5136,135.0,4290.0,711
E92000001,England,nation,2022-05-21,4222,129.0,3252.0,841
E92000001,England,nation,2022-05-20,5020,140.0,3792.0,1088
E92000001,England,nation,2022-05-19,5758,144.0,4533.0,1081
E92000001,England,nation,2022-05-18,6374,185.0,4963.0,1226
E92000001,England,nation,2022-05-17,6807,187.0,5248.0,1372
E92000001,England,nation,2022-05-16,7851,192.0,6156.0,1503
E92000001,England,nation,2022-05-15,6696,163.0,5603.0,930
E92000001,England,nation,2022-05-14,5118,116.0,4026.0,976
E92000001,England,nation,2022-05-13,5738,175.0,4215.0,1348
E92000001,England,nation,2022-05-12,6354,160.0,4965.0,1229
E92000001,England,nation,2022-05-11,7234,209.0,5586.0,1439
E92000001,England,nation,2022-05-10,8117,192.0,6310.0,1615
E92000001,England,nation,2022-05-09,8852,212.0,6896.0,1744
E92000001,England,nation,2022-05-08,7644,185.0,6365.0,1094
E92000001,England,nation,2022-05-07,6353,171.0,4978.0,1204
E92000001,England,nation,2022-05-06,7486,169.0,5622.0,1695
E92000001,England,nation,2022-05-05,8561,199.0,6733.0,1629
E92000001,England,nation,2022-05-04,9768,231.0,7615.0,1922
E92000001,England,nation,2022-05-03,11125,267.0,8566.0,2292
E92000001,England,nation,2022-05-02,10323,249.0,8395.0,1679
E92000001,England,nation,2022-05-01,7709,175.0,6219.0,1315
E92000001,England,nation,2022-04-30,6866,169.0,5261.0,1436
E92000001,England,nation,2022-04-29,7974,210.0,5861.0,1903
E92000001,England,nation,2022-04-28,9036,218.0,6820.0,1998
E92000001,England,nation,2022-04-27,10110,242.0,7612.0,2256
E92000001,England,nation,2022-04-26,11288,281.0,8297.0,2710
E92000001,England,nation,2022-04-25,13402,321.0,10002.0,3079
E92000001,England,nation,2022-04-24,11868,235.0,9735.0,1898
E92000001,England,nation,2022-04-23,10568,257.0,8117.0,2194
E92000001,England,nation,2022-04-22,12512,280.0,9198.0,3034
E92000001,England,nation,2022-04-21,14502,335.0,11062.0,3105
E92000001,England,nation,2022-04-20,16948,408.0,12958.0,3582
E92000001,England,nation,2022-04-19,20577,506.0,15668.0,4403
E92000001,England,nation,2022-04-18,20523,536.0,16755.0,3232
E92000001,England,nation,2022-04-17,16258,440.0,13484.0,2334
E92000001,England,nation,2022-04-16,16083,400.0,12732.0,2951
E92000001,England,nation,2022-04-15,17300,409.0,13807.0,3084
E92000001,England,nation,2022-04-14,21425,514.0,16503.0,4408
E92000001,England,nation,2022-04-13,25484,639.0,19992.0,4853
E92000001,England,nation,2022-04-12,27346,726.0,21130.0,5490
E92000001,England,nation,2022-04-11,30577,835.0,23559.0,6183
E92000001,England,nation,2022-04-10,25619,660.0,21366.0,3593
E92000001,England,nation,2022-04-09,23000,619.0,18475.0,3906
E92000001,England,nation,2022-04-08,27366,766.0,20937.0,5663
E92000001,England,nation,2022-04-07,31704,928.0,24885.0,5891
E92000001,England,nation,2022-04-06,36857,1054.0,29058.0,6745
E92000001,England,nation,2022-04-05,40360,1220.0,30919.0,8221
E92000001,England,nation,2022-04-04,45171,1401.0,33810.0,9960
E92000001,England,nation,2022-04-03,35610,1034.0,29359.0,5217
E92000001,England,nation,2022-04-02,31611,964.0,23656.0,6991
E92000001,England,nation,2022-04-01,40362,1321.0,24981.0,14060
E92000001,England,nation,2022-03-31,45885,2988.0,28192.0,14705
E92000001,England,nation,2022-03-30,62774,5052.0,31498.0,26224
E92000001,England,nation,2022-03-29,67454,6084.0,33402.0,27968
E92000001,England,nation,2022-03-28,78954,7063.0,38306.0,33585
E92000001,England,nation,2022-03-27,57991,6632.0,35884.0,15475
E92000001,England,nation,2022-03-26,51782,5165.0,28150.0,18467
E92000001,England,nation,2022-03-25,60271,5196.0,29400.0,25675
E92000001,England,nation,2022-03-24,68612,5657.0,34506.0,28449
E92000001,England,nation,2022-03-23,77597,7395.0,39587.0,30615
E92000001,England,nation,2022-03-22,81849,7932.0,41313.0,32604
E92000001,England,nation,2022-03-21,89943,8758.0,45052.0,36133
E92000001,England,nation,2022-03-20,66912,7880.0,41738.0,17294
E92000001,England,nation,2022-03-19,55224,5959.0,31207.0,18058
E92000001,England,nation,2022-03-18,61922,5787.0,31929.0,24206
E92000001,England,nation,2022-03-17,67694,5916.0,35210.0,26568
E92000001,England,nation,2022-03-16,73981,7297.0,39233.0,27451
E92000001,England,nation,2022-03-15,74080,7728.0,39004.0,27348
E92000001,England,nation,2022-03-14,79551,8058.0,40666.0,30827
E92000001,England,nation,2022-03-13,60271,7552.0,36888.0,15831
E92000001,England,nation,2022-03-12,49149,5551.0,27859.0,15739
E92000001,England,nation,2022-03-11,52277,5377.0,27518.0,19382
E92000001,England,nation,2022-03-10,54296,5199.0,28523.0,20574
E92000001,England,nation,2022-03-09,55481,5852.0,29198.0,20431
E92000001,England,nation,2022-03-08,52356,5819.0,27421.0,19116
E92000001,England,nation,2022-03-07,51003,5337.0,25626.0,20040
E92000001,England,nation,2022-03-06,35910,4459.0,21613.0,9838
E92000001,England,nation,2022-03-05,28502,3293.0,15558.0,9651
E92000001,England,nation,2022-03-04,30593,3003.0,14896.0,12694
E92000001,England,nation,2022-03-03,31522,3092.0,15625.0,12805
E92000001,England,nation,2022-03-02,33346,3605.0,16839.0,12902
E92000001,England,nation,2022-03-01,31849,3488.0,15874.0,12487
E92000001,England,nation,2022-02-28,31850,3372.0,15181.0,13297
E92000001,England,nation,2022-02-27,22165,2896.0,12755.0,6514
E92000001,England,nation,2022-02-26,17602,1999.0,9180.0,6423
E92000001,England,nation,2022-02-25,19535,1824.0,9370.0,8341
E92000001,England,nation,2022-02-24,21869,2011.0,10701.0,9157
E92000001,England,nation,2022-02-23,25996,2650.0,12584.0,10762
E92000001,England,nation,2022-02-22,27975,2868.0,13195.0,11912
E92000001,England,nation,2022-02-21,33019,3365.0,15864.0,13790
E92000001,England,nation,2022-02-20,28372,3490.0,16600.0,8282
E92000001,England,nation,2022-02-19,26426,2774.0,13209.0,10443
E92000001,England,nation,2022-02-18,24919,2919.0,14280.0,7720
E92000001,England,nation,2022-02-17,34144,3129.0,17072.0,13943
E92000001,England,nation,2022-02-16,39421,3969.0,19827.0,15625
E92000001,England,nation,2022-02-15,40134,4259.0,20091.0,15784
E92000001,England,nation,2022-02-14,42432,4339.0,20298.0,17795
E92000001,England,nation,2022-02-13,32307,4133.0,18874.0,9300
E92000001,England,nation,2022-02-12,29040,3355.0,14750.0,10935
E92000001,England,nation,2022-02-11,34941,3491.0,16127.0,15323
E92000001,England,nation,2022-02-10,41318,4262.0,19273.0,17783
E92000001,England,nation,2022-02-09,50977,5604.0,23364.0,22009
E92000001,England,nation,2022-02-08,55406,6574.0,25310.0,23522
E92000001,England,nation,2022-02-07,62650,7414.0,28304.0,26932
E92000001,England,nation,2022-02-06,50132,7022.0,28556.0,14554
E92000001,England,nation,2022-02-05,43228,5287.0,21531.0,16410
E92000001,England,nation,2022-02-04,52480,5391.0,24036.0,23053
E92000001,England,nation,2022-02-03,64002,6624.0,30065.0,27313
E92000001,England,nation,2022-02-02,73890,8409.0,35102.0,30379
E92000001,England,nation,2022-02-01,78325,9250.0,37181.0,31894
E92000001,England,nation,2022-01-31,88374,10358.0,42002.0,36014
E92000001,England,nation,2022-01-30,74833,10031.0,43016.0,21786
E92000001,England,nation,2022-01-29,63015,7421.0,32342.0,23252
E92000001,England,nation,2022-01-28,71675,7420.0,33982.0,30273
E92000001,England,nation,2022-01-27,82707,8571.0,39999.0,34137
E92000001,England,nation,2022-01-26,93194,10154.0,44508.0,38532
E92000001,England,nation,2022-01-25,96915,10539.0,46264.0,40112
E92000001,England,nation,2022-01-24,109201,11991.0,52203.0,45007
E92000001,England,nation,2022-01-23,88520,11311.0,50740.0,26469
E92000001,England,nation,2022-01-22,70464,7997.0,35579.0,26888
E92000001,England,nation,2022-01-21,79003,8149.0,36683.0,34171
E92000001,England,nation,2022-01-20,86941,8718.0,41469.0,36754
E92000001,England,nation,2022-01-19,97323,10376.0,45818.0,41129
E92000001,England,nation,2022-01-18,103186,11190.0,47771.0,44225
E92000001,England,nation,2022-01-17,114766,12820.0,51849.0,50097
E92000001,England,nation,2022-01-16,85575,11854.0,45594.0,28127
E92000001,England,nation,2022-01-15,67798,8454.0,30529.0,28815
E92000001,England,nation,2022-01-14,75161,8328.0,29751.0,37082
E92000001,England,nation,2022-01-13,84116,9329.0,31727.0,43060
E92000001,England,nation,2022-01-12,89989,10884.0,31416.0,47689
E92000001,England,nation,2022-01-11,100953,15344.0,27840.0,57769
E92000001,England,nation,2022-01-10,116202,23255.0,15439.0,77508
E92000001,England,nation,2022-01-09,83050,23767.0,10750.0,48533
E92000001,England,nation,2022-01-08,81209,18449.0,7749.0,55011
E92000001,England,nation,2022-01-07,105067,18289.0,8867.0,77911
E92000001,England,nation,2022-01-06,150765,22356.0,11494.0,116915
E92000001,England,nation,2022-01-05,183759,30139.0,12526.0,141094
E92000001,England,nation,2022-01-04,234843,37773.0,12052.0,185018
E92000001,England,nation,2022-01-03,193585,36997.0,10174.0,146414
E92000001,England,nation,2022-01-02,148604,29678.0,7342.0,111584
E92000001,England,nation,2022-01-01,99234,25444.0,7358.0,66432
E92000001,England,nation,2021-12-31,152874,26679.0,13721.0,112474
E92000001,England,nation,2021-12-30,192813,29097.0,19643.0,144073
E92000001,England,nation,2021-12-29,223994,33815.0,19057.0,171122
E92000001,England,nation,2021-12-28,170566,31972.0,9695.0,128899
E92000001,England,nation,2021-12-27,155539,27912.0,5744.0,121883
E92000001,England,nation,2021-12-26,98892,24282.0,5301.0,69309
E92000001,England,nation,2021-12-25,59906,15498.0,6125.0,38283
E92000001,England,nation,2021-12-24,117556,15055.0,6226.0,96275
E92000001,England,nation,2021-12-23,137010,16609.0,6108.0,114293
E92000001,England,nation,2021-12-22,138115,19105.0,5139.0,113871
E92000001,England,nation,2021-12-21,129579,19465.0,3682.0,106432
E92000001,England,nation,2021-12-20,117558,17437.0,3186.0,96935
E92000001,England,nation,2021-12-19,78490,14699.0,2729.0,61062
E92000001,England,nation,2021-12-18,78926,12480.0,2747.0,63699
E92000001,England,nation,2021-12-17,84940,12192.0,3388.0,69360
E92000001,England,nation,2021-12-16,93789,13380.0,3958.0,76451
E92000001,England,nation,2021-12-15,99633,16199.0,3830.0,79604
E92000001,England,nation,2021-12-14,90685,16830.0,3525.0,70330
E92000001,England,nation,2021-12-13,76497,14054.0,2744.0,59699
E92000001,England,nation,2021-12-12,46350,10551.0,1825.0,33974
E92000001,England,nation,2021-12-11,41938,6839.0,1286.0,33813
E92000001,England,nation,2021-12-10,45005,6189.0,1423.0,37393
E92000001,England,nation,2021-12-09,48806,6927.0,1672.0,40207
E92000001,England,nation,2021-12-08,50035,7702.0,1503.0,40830
E92000001,England,nation,2021-12-07,48121,7187.0,1329.0,39605
E92000001,England,nation,2021-12-06,51094,7625.0,1526.0,41943
E92000001,England,nation,2021-12-05,35001,7602.0,1270.0,26129
E92000001,England,nation,2021-12-04,33376,5249.0,900.0,27227
E92000001,England,nation,2021-12-03,39217,5407.0,1059.0,32751
E92000001,England,nation,2021-12-02,43037,6167.0,1254.0,35616
E92000001,England,nation,2021-12-01,47257,7572.0,1285.0,38400
E92000001,England,nation,2021-11-30,47624,7611.0,1099.0,38914
E92000001,England,nation,2021-11-29,47940,8189.0,1290.0,38461
E92000001,England,nation,2021-11-28,33844,8315.0,1226.0,24303
E92000001,England,nation,2021-11-27,28446,5105.0,861.0,22480
E92000001,England,nation,2021-11-26,33662,5141.0,917.0,27604
E92000001,England,nation,2021-11-25,37132,5566.0,1158.0,30408
E92000001,England,nation,2021-11-24,39869,6603.0,1154.0,32112
E92000001,England,nation,2021-11-23,41004,6420.0,952.0,33632
E92000001,England,nation,2021-11-22,42861,7189.0,1171.0,34501
E92000001,England,nation,2021-11-21,31757,7783.0,1047.0,22927
E92000001,England,nation,2021-11-20,29860,5230.0,795.0,23835
E92000001,England,nation,2021-11-19,33168,5067.0,925.0,27176
E92000001,England,nation,2021-11-18,37092,5760.0,1153.0,30179
E92000001,England,nation,2021-11-17,38250,6597.0,1078.0,30575
E92000001,England,nation,2021-11-16,38647,6252.0,1003.0,31392
E92000001,England,nation,2021-11-15,42474,6956.0,1159.0,34359
E92000001,England,nation,2021-11-14,29575,7364.0,1123.0,21088
E92000001,England,nation,2021-11-13,27354,4670.0,778.0,21906
E92000001,England,nation,2021-11-12,31331,4844.0,864.0,25623
E92000001,England,nation,2021-11-11,33687,5363.0,1107.0,27217
E92000001,England,nation,2021-11-10,35381,6062.0,1140.0,28179
E92000001,England,nation,2021-11-09,34675,5720.0,906.0,28049
E92000001,England,nation,2021-11-08,36132,5929.0,1120.0,29083
E92000001,England,nation,2021-11-07,25445,6147.0,964.0,18334
E92000001,England,nation,2021-11-06,22578,3909.0,683.0,17986
E92000001,England,nation,2021-11-05,24402,3585.0,704.0,20113
E92000001,England,nation,2021-11-04,27367,4204.0,940.0,22223
E92000001,England,nation,2021-11-03,29391,4825.0,916.0,23650
E92000001,England,nation,2021-11-02,31321,4749.0,902.0,25670
E92000001,England,nation,2021-11-01,37657,6094.0,1090.0,30473
E92000001,England,nation,2021-10-31,29556,7179.0,1135.0,21242
E92000001,England,nation,2021-10-30,28234,4994.0,761.0,22479
E92000001,England,nation,2021-10-29,33993,5643.0,909.0,27441
E92000001,England,nation,2021-10-28,35065,5965.0,1126.0,27974
E92000001,England,nation,2021-10-27,36519,6820.0,1119.0,28580
E92000001,England,nation,2021-10-26,35274,6369.0,998.0,27907
E92000001,England,nation,2021-10-25,39947,6849.0,1122.0,31976
E92000001,England,nation,2021-10-24,30087,6692.0,1022.0,22373
E92000001,England,nation,2021-10-23,29742,5532.0,897.0,23313
E92000001,England,nation,2021-10-22,34502,5784.0,1009.0,27709
E92000001,England,nation,2021-10-21,38580,6519.0,1291.0,30770
E92000001,England,nation,2021-10-20,43959,8381.0,1299.0,34279
E92000001,England,nation,2021-10-19,44615,7848.0,1206.0,35561
E92000001,England,nation,2021-10-18,49249,8612.0,1297.0,39340
E92000001,England,nation,2021-10-17,37496,10023.0,1246.0,26227
E92000001,England,nation,2021-10-16,31637,6267.0,897.0,24473
E92000001,England,nation,2021-10-15,36623,5846.0,878.0,29899
E92000001,England,nation,2021-10-14,39259,6509.0,1130.0,31620
E92000001,England,nation,2021-10-13,40543,7519.0,1015.0,32009
E92000001,England,nation,2021-10-12,40876,6855.0,957.0,33064
E92000001,England,nation,2021-10-11,43099,7465.0,1146.0,34488
E92000001,England,nation,2021-10-10,31490,8480.0,1161.0,21849
E92000001,England,nation,2021-10-09,27171,4829.0,731.0,21611
E92000001,England,nation,2021-10-08,29835,4600.0,837.0,24398
E92000001,England,nation,2021-10-07,32156,5161.0,989.0,26006
E92000001,England,nation,2021-10-06,32539,5960.0,935.0,25644
E92000001,England,nation,2021-10-05,32254,5125.0,819.0,26310
E92000001,England,nation,2021-10-04,36469,6194.0,972.0,29303
E92000001,England,nation,2021-10-03,27130,7513.0,986.0,18631
E92000001,England,nation,2021-10-02,21866,4154.0,599.0,17113
E92000001,England,nation,2021-10-01,24127,3853.0,693.0,19581
E92000001,England,nation,2021-09-30,26792,4387.0,926.0,21479
E92000001,England,nation,2021-09-29,28671,5279.0,1011.0,22381
E92000001,England,nation,2021-09-28,29620,4774.0,845.0,24001
E92000001,England,nation,2021-09-27,34585,5920.0,1115.0,27550
E92000001,England,nation,2021-09-26,26795,7418.0,1166.0,18211
E92000001,England,nation,2021-09-25,23382,4391.0,782.0,18209
E92000001,England,nation,2021-09-24,25742,4052.0,868.0,20822
E92000001,England,nation,2021-09-23,28327,4595.0,1031.0,22701
E92000001,England,nation,2021-09-22,28781,5279.0,1116.0,22386
E92000001,England,nation,2021-09-21,30535,4742.0,1051.0,24742
E92000001,England,nation,2021-09-20,32109,5609.0,1165.0,25335
E92000001,England,nation,2021-09-19,24789,6972.0,1197.0,16620
E92000001,England,nation,2021-09-18,20920,3969.0,705.0,16246
E92000001,England,nation,2021-09-17,22360,3640.0,779.0,17941
E92000001,England,nation,2021-09-16,22157,3647.0,978.0,17532
E92000001,England,nation,2021-09-15,22379,3771.0,923.0,17685
E92000001,England,nation,2021-09-14,22623,3548.0,840.0,18235
E92000001,England,nation,2021-09-13,25192,3984.0,975.0,20233
E92000001,England,nation,2021-09-12,17872,4355.0,962.0,12555
E92000001,England,nation,2021-09-11,16954,2831.0,678.0,13445
E92000001,England,nation,2021-09-10,21019,3164.0,907.0,16948
E92000001,England,nation,2021-09-09,24431,3859.0,1139.0,19433
E92000001,England,nation,2021-09-08,25649,4243.0,1062.0,20344
E92000001,England,nation,2021-09-07,27929,4558.0,1123.0,22248
E92000001,England,nation,2021-09-06,33121,5293.0,1260.0,26568
E92000001,England,nation,2021-09-05,23453,4577.0,1075.0,17801
E92000001,England,nation,2021-09-04,23403,3504.0,863.0,19036
E92000001,England,nation,2021-09-03,28723,4325.0,1140.0,23258
E92000001,England,nation,2021-09-02,30618,4759.0,1310.0,24549
E92000001,England,nation,2021-09-01,31583,4929.0,1160.0,25494
E92000001,England,nation,2021-08-31,33559,5120.0,1255.0,27184
E92000001,England,nation,2021-08-30,24954,4416.0,978.0,19560
E92000001,England,nation,2021-08-29,19148,3450.0,852.0,14846
E92000001,England,nation,2021-08-28,20131,3162.0,906.0,16063
E92000001,England,nation,2021-08-27,24243,3343.0,1155.0,19745
E92000001,England,nation,2021-08-26,26478,3807.0,1156.0,21515
E92000001,England,nation,2021-08-25,27893,4270.0,1067.0,22556
E92000001,England,nation,2021-08-24,28201,4227.0,925.0,23049
E92000001,England,nation,2021-08-23,30327,4484.0,1092.0,24751
E92000001,England,nation,2021-08-22,22395,4076.0,924.0,17395
E92000001,England,nation,2021-08-21,22585,3490.0,862.0,18233
E92000001,England,nation,2021-08-20,25548,3897.0,1063.0,20588
E92000001,England,nation,2021-08-19,29065,4232.0,1205.0,23628
E92000001,England,nation,2021-08-18,31422,4705.0,1165.0,25552
E92000001,England,nation,2021-08-17,31084,4545.0,1142.0,25397
E92000001,England,nation,2021-08-16,30849,4703.0,1233.0,24913
E92000001,England,nation,2021-08-15,21275,4006.0,1004.0,16265
E92000001,England,nation,2021-08-14,21336,3507.0,943.0,16886
E92000001,England,nation,2021-08-13,24988,3715.0,1056.0,20217
E92000001,England,nation,2021-08-12,27686,4254.0,1240.0,22192
E92000001,England,nation,2021-08-11,29132,4705.0,1212.0,23215
E92000001,England,nation,2021-08-10,27607,4274.0,1137.0,22196
E92000001,England,nation,2021-08-09,28287,4423.0,1234.0,22630
E92000001,England,nation,2021-08-08,20155,3962.0,985.0,15208
E92000001,England,nation,2021-08-07,19983,3343.0,955.0,15685
E92000001,England,nation,2021-08-06,24874,3755.0,1123.0,19996
E92000001,England,nation,2021-08-05,28126,4307.0,1319.0,22500
E92000001,England,nation,2021-08-04,28894,4604.0,1304.0,22986
E92000001,England,nation,2021-08-03,27034,4304.0,1144.0,21586
E92000001,England,nation,2021-08-02,26574,4124.0,1254.0,21196
E92000001,England,nation,2021-08-01,18628,3689.0,1030.0,13909
E92000001,England,nation,2021-07-31,18448,2980.0,940.0,14528
E92000001,England,nation,2021-07-30,22104,3390.0,1089.0,17625
E92000001,England,nation,2021-07-29,25359,3877.0,1289.0,20193
E92000001,England,nation,2021-07-28,26925,4446.0,1199.0,21280
E92000001,England,nation,2021-07-27,26019,4303.0,1187.0,20529
E92000001,England,nation,2021-07-26,26537,4191.0,1381.0,20965
E92000001,England,nation,2021-07-25,19642,3844.0,1143.0,14655
E92000001,England,nation,2021-07-24,20273,3397.0,1001.0,15875
E92000001,England,nation,2021-07-23,24533,3718.0,1174.0,19641
E92000001,England,nation,2021-07-22,27707,4141.0,1413.0,22153
E92000001,England,nation,2021-07-21,31663,5171.0,1461.0,25031
E92000001,England,nation,2021-07-20,35940,5925.0,1499.0,28516
E92000001,England,nation,2021-07-19,43388,7273.0,1970.0,34145
E92000001,England,nation,2021-07-18,33162,7571.0,1847.0,23744
E92000001,England,nation,2021-07-17,35278,6223.0,1552.0,27503
E92000001,England,nation,2021-07-16,51136,7796.0,1876.0,41464
E92000001,England,nation,2021-07-15,57579,9647.0,2544.0,45388
E92000001,England,nation,2021-07-14,50319,9610.0,2229.0,38480
E92000001,England,nation,2021-07-13,43244,8336.0,1925.0,32983
E92000001,England,nation,2021-07-12,40471,8298.0,1989.0,30184
E92000001,England,nation,2021-07-11,27417,6508.0,1395.0,19514
E92000001,England,nation,2021-07-10,25405,4840.0,1068.0,19497
E92000001,England,nation,2021-07-09,29045,4602.0,1215.0,23228
E92000001,England,nation,2021-07-08,29908,4907.0,1474.0,23527
E92000001,England,nation,2021-07-07,34270,5543.0,1493.0,27234
E92000001,England,nation,2021-07-06,31607,5566.0,1324.0,24717
E92000001,England,nation,2021-07-05,30193,5844.0,1556.0,22793
E92000001,England,nation,2021-07-04,21791,5721.0,1393.0,14677
E92000001,England,nation,2021-07-03,20635,4039.0,1018.0,15578
E92000001,England,nation,2021-07-02,22288,3892.0,1043.0,17353
E92000001,England,nation,2021-07-01,24267,4092.0,1348.0,18827
E92000001,England,nation,2021-06-30,23940,4627.0,1164.0,18149
E92000001,England,nation,2021-06-29,23250,4146.0,1038.0,18066
E92000001,England,nation,2021-06-28,23511,4526.0,1246.0,17739
E92000001,England,nation,2021-06-27,15407,4267.0,1058.0,10082
E92000001,England,nation,2021-06-26,13485,2853.0,691.0,9941
E92000001,England,nation,2021-06-25,14901,2712.0,815.0,11374
E92000001,England,nation,2021-06-24,15082,2731.0,900.0,11451
E92000001,England,nation,2021-06-23,14805,2924.0,833.0,11048
E92000001,England,nation,2021-06-22,13564,2624.0,689.0,10251
E92000001,England,nation,2021-06-21,12706,2400.0,766.0,9540
E92000001,England,nation,2021-06-20,8203,2222.0,644.0,5337
E92000001,England,nation,2021-06-19,7125,1420.0,442.0,5263
E92000001,England,nation,2021-06-18,8772,1572.0,569.0,6631
E92000001,England,nation,2021-06-17,9523,1760.0,707.0,7056
E92000001,England,nation,2021-06-16,9410,1847.0,667.0,6896
E92000001,England,nation,2021-06-15,9149,1661.0,497.0,6991
E92000001,England,nation,2021-06-14,8941,1924.0,630.0,6387
E92000001,England,nation,2021-06-13,6075,1595.0,561.0,3919
E92000001,England,nation,2021-06-12,5422,1111.0,327.0,3984
E92000001,England,nation,2021-06-11,6510,1104.0,433.0,4973
E92000001,England,nation,2021-06-10,6717,1128.0,530.0,5059
E92000001,England,nation,2021-06-09,6919,1246.0,522.0,5151
E92000001,England,nation,2021-06-08,6630,1170.0,402.0,5058
E92000001,England,nation,2021-06-07,6790,1188.0,515.0,5087
E92000001,England,nation,2021-06-06,4729,1129.0,540.0,3060
E92000001,England,nation,2021-06-05,3964,729.0,280.0,2955
E92000001,England,nation,2021-06-04,4885,875.0,317.0,3693
E92000001,England,nation,2021-06-03,5129,913.0,407.0,3809
E92000001,England,nation,2021-06-02,5039,965.0,335.0,3739
E92000001,England,nation,2021-06-01,4515,809.0,333.0,3373
E92000001,England,nation,2021-05-31,3170,659.0,274.0,2237
E92000001,England,nation,2021-05-30,2598,588.0,262.0,1748
E92000001,England,nation,2021-05-29,2461,444.0,184.0,1833
E92000001,England,nation,2021-05-28,2929,425.0,312.0,2192
E92000001,England,nation,2021-05-27,3075,468.0,358.0,2249
E92000001,England,nation,2021-05-26,3178,531.0,398.0,2249
E92000001,England,nation,2021-05-25,2797,427.0,265.0,2105
E92000001,England,nation,2021-05-24,2749,430.0,379.0,1940
E92000001,England,nation,2021-05-23,1918,446.0,418.0,1054
E92000001,England,nation,2021-05-22,1606,270.0,174.0,1162
E92000001,England,nation,2021-05-21,1870,258.0,251.0,1361
E92000001,England,nation,2021-05-20,2000,229.0,308.0,1463
E92000001,England,nation,2021-05-19,2260,324.0,404.0,1532
E92000001,England,nation,2021-05-18,2241,318.0,269.0,1654
E92000001,England,nation,2021-05-17,2341,322.0,399.0,1620
E92000001,England,nation,2021-05-16,1586,359.0,361.0,866
E92000001,England,nation,2021-05-15,1304,208.0,156.0,940
E92000001,England,nation,2021-05-14,1538,201.0,199.0,1138
E92000001,England,nation,2021-05-13,1737,256.0,380.0,1101
E92000001,England,nation,2021-05-12,1869,225.0,417.0,1227
E92000001,England,nation,2021-05-11,1871,264.0,320.0,1287
E92000001,England,nation,2021-05-10,2324,315.0,505.0,1504
E92000001,England,nation,2021-05-09,1985,348.0,701.0,936
E92000001,England,nation,2021-05-08,1299,211.0,177.0,911
E92000001,England,nation,2021-05-07,1656,220.0,250.0,1186
E92000001,England,nation,2021-05-06,1966,269.0,445.0,1252
E92000001,England,nation,2021-05-05,2202,340.0,516.0,1346
E92000001,England,nation,2021-05-04,2197,334.0,445.0,1418
E92000001,England,nation,2021-05-03,1806,297.0,544.0,965
E92000001,England,nation,2021-05-02,1305,275.0,360.0,670
E92000001,England,nation,2021-05-01,1209,195.0,150.0,864
E92000001,England,nation,2021-04-30,1528,161.0,247.0,1120
E92000001,England,nation,2021-04-29,1901,252.0,502.0,1147
E92000001,England,nation,2021-04-28,2153,311.0,628.0,1214
E92000001,England,nation,2021-04-27,1808,287.0,306.0,1215
E92000001,England,nation,2021-04-26,2268,274.0,568.0,1426
E92000001,England,nation,2021-04-25,1897,314.0,737.0,846
E92000001,England,nation,2021-04-24,1300,168.0,236.0,896
E92000001,England,nation,2021-04-23,1701,176.0,316.0,1209
E92000001,England,nation,2021-04-22,2032,196.0,493.0,1343
E92000001,England,nation,2021-04-21,2299,268.0,581.0,1450
E92000001,England,nation,2021-04-20,2112,262.0,353.0,1497
E92000001,England,nation,2021-04-19,2268,216.0,579.0,1473
E92000001,England,nation,2021-04-18,2281,297.0,974.0,1010
E92000001,England,nation,2021-04-17,1397,157.0,190.0,1050
E92000001,England,nation,2021-04-16,1963,215.0,262.0,1486
E92000001,England,nation,2021-04-15,1958,193.0,385.0,1380
E92000001,England,nation,2021-04-14,2068,263.0,340.0,1465
E92000001,England,nation,2021-04-13,2060,222.0,258.0,1580
E92000001,England,nation,2021-04-12,2396,282.0,313.0,1801
E92000001,England,nation,2021-04-11,2020,342.0,409.0,1269
E92000001,England,nation,2021-04-10,2009,193.0,169.0,1647
E92000001,England,nation,2021-04-09,2481,215.0,219.0,2047
E92000001,England,nation,2021-04-08,2651,251.0,301.0,2099
E92000001,England,nation,2021-04-07,2752,367.0,291.0,2094
E92000001,England,nation,2021-04-06,2755,337.0,223.0,2195
E92000001,England,nation,2021-04-05,2314,326.0,252.0,1736
E92000001,England,nation,2021-04-04,2042,379.0,284.0,1379
E92000001,England,nation,2021-04-03,2119,304.0,157.0,1658
E92000001,England,nation,2021-04-02,2248,280.0,184.0,1784
E92000001,England,nation,2021-04-01,3067,398.0,325.0,2344
E92000001,England,nation,2021-03-31,3341,598.0,448.0,2295
E92000001,England,nation,2021-03-30,3135,280.0,275.0,2580
E92000001,England,nation,2021-03-29,3422,201.0,252.0,2969
E92000001,England,nation,2021-03-28,4476,1175.0,1289.0,2012
E92000001,England,nation,2021-03-27,3136,455.0,283.0,2398
E92000001,England,nation,2021-03-26,3803,454.0,418.0,2931
E92000001,England,nation,2021-03-25,4674,607.0,733.0,3334
E92000001,England,nation,2021-03-24,5319,825.0,1097.0,3397
E92000001,England,nation,2021-03-23,4563,583.0,601.0,3379
E92000001,England,nation,2021-03-22,5399,744.0,763.0,3892
E92000001,England,nation,2021-03-21,4677,1050.0,1015.0,2612
E92000001,England,nation,2021-03-20,3513,437.0,256.0,2820
E92000001,England,nation,2021-03-19,4329,483.0,392.0,3454
E92000001,England,nation,2021-03-18,4680,515.0,596.0,3569
E92000001,England,nation,2021-03-17,5046,631.0,713.0,3702
E92000001,England,nation,2021-03-16,4919,485.0,544.0,3890
E92000001,England,nation,2021-03-15,5637,550.0,786.0,4301
E92000001,England,nation,2021-03-14,3707,495.0,465.0,2747
E92000001,England,nation,2021-03-13,3590,294.0,228.0,3068
E92000001,England,nation,2021-03-12,4766,342.0,543.0,3881
E92000001,England,nation,2021-03-11,4848,337.0,558.0,3953
E92000001,England,nation,2021-03-10,5223,359.0,613.0,4251
E92000001,England,nation,2021-03-09,5487,350.0,584.0,4553
E92000001,England,nation,2021-03-08,5818,423.0,674.0,4721
E92000001,England,nation,2021-03-07,3677,278.0,350.0,3049
E92000001,England,nation,2021-03-06,3832,176.0,220.0,3436
E92000001,England,nation,2021-03-05,4728,190.0,393.0,4145
E92000001,England,nation,2021-03-04,5011,178.0,502.0,4331
E92000001,England,nation,2021-03-03,5305,232.0,415.0,4658
E92000001,England,nation,2021-03-02,5951,221.0,406.0,5324
E92000001,England,nation,2021-03-01,6214,247.0,457.0,5510
E92000001,England,nation,2021-02-28,4112,184.0,244.0,3684
E92000001,England,nation,2021-02-27,4254,96.0,184.0,3974
E92000001,England,nation,2021-02-26,5884,158.0,331.0,5395
E92000001,England,nation,2021-02-25,6935,205.0,416.0,6314
E92000001,England,nation,2021-02-24,7619,246.0,431.0,6942
E92000001,England,nation,2021-02-23,8535,234.0,402.0,7899
E92000001,England,nation,2021-02-22,10277,348.0,592.0,9337
E92000001,England,nation,2021-02-21,7032,304.0,315.0,6413
E92000001,England,nation,2021-02-20,7160,137.0,307.0,6716
E92000001,England,nation,2021-02-19,9246,234.0,403.0,8609
E92000001,England,nation,2021-02-18,10304,261.0,449.0,9594
E92000001,England,nation,2021-02-17,10419,331.0,434.0,9654
E92000001,England,nation,2021-02-16,11270,277.0,488.0,10505
E92000001,England,nation,2021-02-15,12953,388.0,535.0,12030
E92000001,England,nation,2021-02-14,7780,297.0,270.0,7213
E92000001,England,nation,2021-02-13,8024,161.0,268.0,7595
E92000001,England,nation,2021-02-12,10986,283.0,423.0,10280
E92000001,England,nation,2021-02-11,11637,317.0,484.0,10836
E92000001,England,nation,2021-02-10,12272,446.0,521.0,11305
E92000001,England,nation,2021-02-09,12696,375.0,499.0,11822
E92000001,England,nation,2021-02-08,14370,488.0,640.0,13242
E92000001,England,nation,2021-02-07,10457,502.0,374.0,9581
E92000001,England,nation,2021-02-06,10951,249.0,343.0,10359
E92000001,England,nation,2021-02-05,14462,373.0,551.0,13538
E92000001,England,nation,2021-02-04,16716,447.0,664.0,15605
E92000001,England,nation,2021-02-03,17948,574.0,717.0,16657
E92000001,England,nation,2021-02-02,18196,513.0,649.0,17034
E92000001,England,nation,2021-02-01,20764,725.0,798.0,19241
E92000001,England,nation,2021-01-31,14138,576.0,493.0,13069
E92000001,England,nation,2021-01-30,15524,339.0,431.0,14754
E92000001,England,nation,2021-01-29,20362,476.0,619.0,19267
E92000001,England,nation,2021-01-28,22522,604.0,748.0,21170
E92000001,England,nation,2021-01-27,23899,628.0,675.0,22596
E92000001,England,nation,2021-01-26,25210,934.0,360.0,23916
E92000001,England,nation,2021-01-25,27971,1206.0,451.0,26314
E92000001,England,nation,2021-01-24,15883,694.0,227.0,14962
E92000001,England,nation,2021-01-23,20425,646.0,298.0,19481
E92000001,England,nation,2021-01-22,27741,935.0,375.0,26431
E92000001,England,nation,2021-01-21,29632,970.0,411.0,28251
E92000001,England,nation,2021-01-20,32678,1093.0,440.0,31145
E92000001,England,nation,2021-01-19,37056,1264.0,478.0,35314
E92000001,England,nation,2021-01-18,41934,1550.0,526.0,39858
E92000001,England,nation,2021-01-17,26976,886.0,316.0,25774
E92000001,England,nation,2021-01-16,28410,853.0,351.0,27206
E92000001,England,nation,2021-01-15,37877,1117.0,514.0,36246
E92000001,England,nation,2021-01-14,39659,1169.0,509.0,37981
E92000001,England,nation,2021-01-13,42300,1274.0,523.0,40503
E92000001,England,nation,2021-01-12,45968,1327.0,566.0,44075
E92000001,England,nation,2021-01-11,53518,1715.0,696.0,51107
E92000001,England,nation,2021-01-10,33749,949.0,383.0,32417
E92000001,England,nation,2021-01-09,36419,891.0,396.0,35132
E92000001,England,nation,2021-01-08,43493,1199.0,579.0,41715
E92000001,England,nation,2021-01-07,48132,1228.0,586.0,46318
E92000001,England,nation,2021-01-06,52751,1115.0,558.0,51078
E92000001,England,nation,2021-01-05,59597,1338.0,573.0,57686
E92000001,England,nation,2021-01-04,70918,1519.0,593.0,68806
E92000001,England,nation,2021-01-03,50661,1085.0,427.0,49149
E92000001,England,nation,2021-01-02,55428,1058.0,433.0,53937
E92000001,England,nation,2021-01-01,28879,261.0,160.0,28458
E92000001,England,nation,2020-12-31,47822,851.0,463.0,46508
E92000001,England,nation,2020-12-30,64243,943.0,460.0,62840
E92000001,England,nation,2020-12-29,74056,1060.0,443.0,72553
E92000001,England,nation,2020-12-28,40844,511.0,224.0,40109
E92000001,England,nation,2020-12-27,43249,458.0,211.0,42580
E92000001,England,nation,2020-12-26,37461,198.0,101.0,37162
E92000001,England,nation,2020-12-25,12926,57.0,50.0,12819
E92000001,England,nation,2020-12-24,29286,331.0,304.0,28651
E92000001,England,nation,2020-12-23,38383,467.0,356.0,37560
E92000001,England,nation,2020-12-22,41741,474.0,251.0,41016
E92000001,England,nation,2020-12-21,43446,457.0,230.0,42759
E92000001,England,nation,2020-12-20,29554,279.0,111.0,29164
E92000001,England,nation,2020-12-19,22195,260.0,143.0,21792
E92000001,England,nation,2020-12-18,32424,266.0,128.0,32030
E92000001,England,nation,2020-12-17,30162,222.0,105.0,29835
E92000001,England,nation,2020-12-16,30661,212.0,96.0,30353
E92000001,England,nation,2020-12-15,29688,174.0,67.0,29447
E92000001,England,nation,2020-12-14,30043,168.0,63.0,29812
E92000001,England,nation,2020-12-13,18422,79.0,25.0,18318
E92000001,England,nation,2020-12-12,16272,87.0,27.0,16158
E92000001,England,nation,2020-12-11,20212,110.0,72.0,20030
E92000001,England,nation,2020-12-10,18861,87.0,54.0,18720
E92000001,England,nation,2020-12-09,17772,102.0,59.0,17611
E92000001,England,nation,2020-12-08,16969,71.0,50.0,16848
E92000001,England,nation,2020-12-07,17722,75.0,51.0,17596
E92000001,England,nation,2020-12-06,11070,52.0,25.0,10993
E92000001,England,nation,2020-12-05,10326,44.0,40.0,10242
E92000001,England,nation,2020-12-04,13097,53.0,42.0,13002
E92000001,England,nation,2020-12-03,12828,45.0,40.0,12743
E92000001,England,nation,2020-12-02,13734,32.0,38.0,13664
E92000001,England,nation,2020-12-01,13792,40.0,35.0,13717
E92000001,England,nation,2020-11-30,15295,34.0,42.0,15219
E92000001,England,nation,2020-11-29,9090,19.0,15.0,9056
E92000001,England,nation,2020-11-28,9366,26.0,17.0,9323
E92000001,England,nation,2020-11-27,12502,30.0,39.0,12433
E92000001,England,nation,2020-11-26,12515,18.0,24.0,12473
E92000001,England,nation,2020-11-25,14198,27.0,25.0,14146
E92000001,England,nation,2020-11-24,14292,33.0,23.0,14236
E92000001,England,nation,2020-11-23,16530,22.0,29.0,16479
E92000001,England,nation,2020-11-22,10234,8.0,15.0,10211
E92000001,England,nation,2020-11-21,10829,8.0,16.0,10805
E92000001,England,nation,2020-11-20,14994,11.0,47.0,14936
E92000001,England,nation,2020-11-19,15830,6.0,42.0,15782
E92000001,England,nation,2020-11-18,18587,6.0,38.0,18543
E92000001,England,nation,2020-11-17,20720,5.0,63.0,20652
E92000001,England,nation,2020-11-16,24190,13.0,60.0,24117
E92000001,England,nation,2020-11-15,14447,4.0,45.0,14398
E92000001,England,nation,2020-11-14,16325,5.0,55.0,16265
E92000001,England,nation,2020-11-13,22058,5.0,90.0,21963
E92000001,England,nation,2020-11-12,22370,10.0,59.0,22301
E92000001,England,nation,2020-11-11,25100,3.0,66.0,25031
E92000001,England,nation,2020-11-10,24875,7.0,44.0,24824
E92000001,England,nation,2020-11-09,28606,2.0,51.0,28553
E92000001,England,nation,2020-11-08,18280,4.0,57.0,18219
E92000001,England,nation,2020-11-07,16906,4.0,24.0,16878
E92000001,England,nation,2020-11-06,21234,3.0,22.0,21209
E92000001,England,nation,2020-11-05,21245,0.0,1.0,21244
E92000001,England,nation,2020-11-04,21081,0.0,0.0,21081
E92000001,England,nation,2020-11-03,22736,0.0,0.0,22736
E92000001,England,nation,2020-11-02,28472,0.0,0.0,28472
E92000001,England,nation,2020-11-01,13642,0.0,0.0,13642
E92000001,England,nation,2020-10-31,14594,1.0,0.0,14593
E92000001,England,nation,2020-10-30,19905,,1.0,19904
E92000001,England,nation,2020-10-29,20292,,0.0,20292
E92000001,England,nation,2020-10-28,20553,,0.0,20553
E92000001,England,nation,2020-10-27,20771,,0.0,20771
E92000001,England,nation,2020-10-26,23033,,0.0,23033
E92000001,England,nation,2020-10-25,13363,,0.0,13363
E92000001,England,nation,2020-10-24,13743,,0.0,13743
E92000001,England,nation,2020-10-23,18379,,1.0,18378
E92000001,England,nation,2020-10-22,19888,,,19888
E92000001,England,nation,2020-10-21,21833,,,21833
E92000001,England,nation,2020-10-20,21705,,,21705
E92000001,England,nation,2020-10-19,22423,,,22423
E92000001,England,nation,2020-10-18,12001,,,12001
E92000001,England,nation,2020-10-17,12493,,,12493
E92000001,England,nation,2020-10-16,14784,,,14784
E92000001,England,nation,2020-10-15,15461,,,15461
E92000001,England,nation,2020-10-14,16659,,,16659
E92000001,England,nation,2020-10-13,15679,,,15679
E92000001,England,nation,2020-10-12,16459,,,16459
E92000001,England,nation,2020-10-11,9792,,,9792
E92000001,England,nation,2020-10-10,10305,,,10305
E92000001,England,nation,2020-10-09,13169,,,13169
E92000001,England,nation,2020-10-08,15454,,,15454
E92000001,England,nation,2020-10-07,15420,,,15420
E92000001,England,nation,2020-10-06,14458,,,14458
E92000001,England,nation,2020-10-05,14220,,,14220
E92000001,England,nation,2020-10-04,9967,,,9967
E92000001,England,nation,2020-10-03,9820,,,9820
E92000001,England,nation,2020-10-02,11719,,,11719
E92000001,England,nation,2020-10-01,11445,,,11445
E92000001,England,nation,2020-09-30,10663,,,10663
E92000001,England,nation,2020-09-29,8833,,,8833
E92000001,England,nation,2020-09-28,8641,,,8641
E92000001,England,nation,2020-09-27,6084,,,6084
E92000001,England,nation,2020-09-26,5703,,,5703
E92000001,England,nation,2020-09-25,6105,,,6105
E92000001,England,nation,2020-09-24,6361,,,6361
E92000001,England,nation,2020-09-23,5933,,,5933
E92000001,England,nation,2020-09-22,5400,,,5400
E92000001,England,nation,2020-09-21,4727,,,4727
E92000001,England,nation,2020-09-20,4652,,,4652
E92000001,England,nation,2020-09-19,4215,,,4215
E92000001,England,nation,2020-09-18,4290,,,4290
E92000001,England,nation,2020-09-17,3979,,,3979
E92000001,England,nation,2020-09-16,3778,,,3778
E92000001,England,nation,2020-09-15,3057,,,3057
E92000001,England,nation,2020-09-14,2941,,,2941
E92000001,England,nation,2020-09-13,1722,,,1722
E92000001,England,nation,2020-09-12,2224,,,2224
E92000001,England,nation,2020-09-11,2893,,,2893
E92000001,England,nation,2020-09-10,3143,,,3143
E92000001,England,nation,2020-09-09,2893,,,2893
E92000001,England,nation,2020-09-08,3071,,,3071
E92000001,England,nation,2020-09-07,3530,,,3530
E92000001,England,nation,2020-09-06,2079,,,2079
E92000001,England,nation,2020-09-05,2200,,,2200
E92000001,England,nation,2020-09-04,2637,,,2637
E92000001,England,nation,2020-09-03,2716,,,2716
E92000001,England,nation,2020-09-02,2696,,,2696
E92000001,England,nation,2020-09-01,1962,,,1962
E92000001,England,nation,2020-08-31,1279,,,1279
E92000001,England,nation,2020-08-30,987,,,987
E92000001,England,nation,2020-08-29,1051,,,1051
E92000001,England,nation,2020-08-28,1395,,,1395
E92000001,England,nation,2020-08-27,1356,,,1356
E92000001,England,nation,2020-08-26,1181,,,1181
E92000001,England,nation,2020-08-25,1085,,,1085
E92000001,England,nation,2020-08-24,1157,,,1157
E92000001,England,nation,2020-08-23,704,,,704
E92000001,England,nation,2020-08-22,732,,,732
E92000001,England,nation,2020-08-21,1031,,,1031
E92000001,England,nation,2020-08-20,1254,,,1254
E92000001,England,nation,2020-08-19,1109,,,1109
E92000001,England,nation,2020-08-18,955,,,955
E92000001,England,nation,2020-08-17,1159,,,1159
E92000001,England,nation,2020-08-16,534,,,534
E92000001,England,nation,2020-08-15,656,,,656
E92000001,England,nation,2020-08-14,1059,,,1059
E92000001,England,nation,2020-08-13,1036,,,1036
E92000001,England,nation,2020-08-12,1126,,,1126
E92000001,England,nation,2020-08-11,1247,,,1247
E92000001,England,nation,2020-08-10,1375,,,1375
E92000001,England,nation,2020-08-09,569,,,569
E92000001,England,nation,2020-08-08,648,,,648
E92000001,England,nation,2020-08-07,892,,,892
E92000001,England,nation,2020-08-06,1005,,,1005
E92000001,England,nation,2020-08-05,974,,,974
E92000001,England,nation,2020-08-04,964,,,964
E92000001,England,nation,2020-08-03,963,,,963
E92000001,England,nation,2020-08-02,518,,,518
E92000001,England,nation,2020-08-01,508,,,508
E92000001,England,nation,2020-07-31,644,,,644
E92000001,England,nation,2020-07-30,879,,,879
E92000001,England,nation,2020-07-29,994,,,994
E92000001,England,nation,2020-07-28,796,,,796
E92000001,England,nation,2020-07-27,824,,,824
E92000001,England,nation,2020-07-26,518,,,518
E92000001,England,nation,2020-07-25,499,,,499
E92000001,England,nation,2020-07-24,720,,,720
E92000001,England,nation,2020-07-23,741,,,741
E92000001,England,nation,2020-07-22,764,,,764
E92000001,England,nation,2020-07-21,697,,,697
E92000001,England,nation,2020-07-20,769,,,769
E92000001,England,nation,2020-07-19,419,,,419
E92000001,England,nation,2020-07-18,473,,,473
E92000001,England,nation,2020-07-17,548,,,548
E92000001,England,nation,2020-07-16,644,,,644
E92000001,England,nation,2020-07-15,726,,,726
E92000001,England,nation,2020-07-14,661,,,661
E92000001,England,nation,2020-07-13,694,,,694
E92000001,England,nation,2020-07-12,351,,,351
E92000001,England,nation,2020-07-11,433,,,433
E92000001,England,nation,2020-07-10,524,,,524
E92000001,England,nation,2020-07-09,688,,,688
E92000001,England,nation,2020-07-08,682,,,682
E92000001,England,nation,2020-07-07,564,,,564
E92000001,England,nation,2020-07-06,664,,,664
E92000001,England,nation,2020-07-05,544,,,544
E92000001,England,nation,2020-07-04,385,,,385
E92000001,England,nation,2020-07-03,536,,,536
E92000001,England,nation,2020-07-02,561,,,561
E92000001,England,nation,2020-07-01,607,,,607
E92000001,England,nation,2020-06-30,578,,,578
E92000001,England,nation,2020-06-29,666,,,666
E92000001,England,nation,2020-06-28,413,,,413
E92000001,England,nation,2020-06-27,506,,,506
E92000001,England,nation,2020-06-26,640,,,640
E92000001,England,nation,2020-06-25,643,,,643
E92000001,England,nation,2020-06-24,732,,,732
E92000001,England,nation,2020-06-23,727,,,727
E92000001,England,nation,2020-06-22,821,,,821
E92000001,England,nation,2020-06-21,550,,,550
E92000001,England,nation,2020-06-20,626,,,626
E92000001,England,nation,2020-06-19,818,,,818
E92000001,England,nation,2020-06-18,938,,,938
E92000001,England,nation,2020-06-17,914,,,914
E92000001,England,nation,2020-06-16,996,,,996
E92000001,England,nation,2020-06-15,944,,,944
E92000001,England,nation,2020-06-14,752,,,752
E92000001,England,nation,2020-06-13,785,,,785
E92000001,England,nation,2020-06-12,938,,,938
E92000001,England,nation,2020-06-11,915,,,915
E92000001,England,nation,2020-06-10,1086,,,1086
E92000001,England,nation,2020-06-09,1066,,,1066
E92000001,England,nation,2020-06-08,990,,,990
E92000001,England,nation,2020-06-07,668,,,668
E92000001,England,nation,2020-06-06,723,,,723
E92000001,England,nation,2020-06-05,1020,,,1020
E92000001,England,nation,2020-06-04,1147,,,1147
E92000001,England,nation,2020-06-03,1251,,,1251
E92000001,England,nation,2020-06-02,1365,,,1365
E92000001,England,nation,2020-06-01,1318,,,1318
E92000001,England,nation,2020-05-31,984,,,984
E92000001,England,nation,2020-05-30,1010,,,1010
E92000001,England,nation,2020-05-29,1374,,,1374
E92000001,England,nation,2020-05-28,1575,,,1575
E92000001,England,nation,2020-05-27,1616,,,1616
E92000001,England,nation,2020-05-26,1461,,,1461
E92000001,England,nation,2020-05-25,1389,,,1389
E92000001,England,nation,2020-05-24,1206,,,1206
E92000001,England,nation,2020-05-23,1309,,,1309
E92000001,England,nation,2020-05-22,1798,,,1798
E92000001,England,nation,2020-05-21,2277,,,2277
E92000001,England,nation,2020-05-20,2359,,,2359
E92000001,England,nation,2020-05-19,2602,,,2602
E92000001,England,nation,2020-05-18,2226,,,2226
E92000001,England,nation,2020-05-17,1593,,,1593
E92000001,England,nation,2020-05-16,1781,,,1781
E92000001,England,nation,2020-05-15,2145,,,2145
E92000001,England,nation,2020-05-14,2222,,,2222
E92000001,England,nation,2020-05-13,2899,,,2899
E92000001,England,nation,2020-05-12,2940,,,2940
E92000001,England,nation,2020-05-11,3088,,,3088
E92000001,England,nation,2020-05-10,2013,,,2013
E92000001,England,nation,2020-05-09,1797,,,1797
E92000001,England,nation,2020-05-08,2622,,,2622
E92000001,England,nation,2020-05-07,3205,,,3205
E92000001,England,nation,2020-05-06,3264,,,3264
E92000001,England,nation,2020-05-05,3148,,,3148
E92000001,England,nation,2020-05-04,2851,,,2851
E92000001,England,nation,2020-05-03,2648,,,2648
E92000001,England,nation,2020-05-02,2762,,,2762
E92000001,England,nation,2020-05-01,4109,,,4109
E92000001,England,nation,2020-04-30,4314,,,4314
E92000001,England,nation,2020-04-29,4737,,,4737
E92000001,England,nation,2020-04-28,4113,,,4113
E92000001,England,nation,2020-04-27,4056,,,4056
E92000001,England,nation,2020-04-26,3137,,,3137
E92000001,England,nation,2020-04-25,3381,,,3381
E92000001,England,nation,2020-04-24,4352,,,4352
E92000001,England,nation,2020-04-23,4575,,,4575
E92000001,England,nation,2020-04-22,4812,,,4812
E92000001,England,nation,2020-04-21,3995,,,3995
E92000001,England,nation,2020-04-20,3698,,,3698
E92000001,England,nation,2020-04-19,3494,,,3494
E92000001,England,nation,2020-04-18,4141,,,4141
E92000001,England,nation,2020-04-17,4088,,,4088
E92000001,England,nation,2020-04-16,4360,,,4360
E92000001,England,nation,2020-04-15,4240,,,4240
E92000001,England,nation,2020-04-14,3568,,,3568
E92000001,England,nation,2020-04-13,3463,,,3463
E92000001,England,nation,2020-04-12,2958,,,2958
E92000001,England,nation,2020-04-11,3085,,,3085
E92000001,England,nation,2020-04-10,3590,,,3590
E92000001,England,nation,2020-04-09,4076,,,4076
E92000001,England,nation,2020-04-08,4315,,,4315
E92000001,England,nation,2020-04-07,4605,,,4605
E92000001,England,nation,2020-04-06,4407,,,4407
E92000001,England,nation,2020-04-05,3094,,,3094
E92000001,England,nation,2020-04-04,3405,,,3405
E92000001,England,nation,2020-04-03,4101,,,4101
E92000001,England,nation,2020-04-02,4097,,,4097
E92000001,England,nation,2020-04-01,4150,,,4150
E92000001,England,nation,2020-03-31,3816,,,3816
E92000001,England,nation,2020-03-30,3514,,,3514
E92000001,England,nation,2020-03-29,2449,,,2449
E92000001,England,nation,2020-03-28,2379,,,2379
E92000001,England,nation,2020-03-27,2672,,,2672
E92000001,England,nation,2020-03-26,2633,,,2633
E92000001,England,nation,2020-03-25,2284,,,2284
E92000001,England,nation,2020-03-24,2042,,,2042
E92000001,England,nation,2020-03-23,2011,,,2011
E92000001,England,nation,2020-03-22,1214,,,1214
E92000001,England,nation,2020-03-21,1038,,,1038
E92000001,England,nation,2020-03-20,1095,,,1095
E92000001,England,nation,2020-03-19,934,,,934
E92000001,England,nation,2020-03-18,911,,,911
E92000001,England,nation,2020-03-17,683,,,683
E92000001,England,nation,2020-03-16,552,,,552
E92000001,England,nation,2020-03-15,398,,,398
E92000001,England,nation,2020-03-14,315,,,315
E92000001,England,nation,2020-03-13,401,,,401
E92000001,England,nation,2020-03-12,421,,,421
E92000001,England,nation,2020-03-11,358,,,358
E92000001,England,nation,2020-03-10,229,,,229
E92000001,England,nation,2020-03-09,127,,,127
E92000001,England,nation,2020-03-08,50,,,50
E92000001,England,nation,2020-03-07,55,,,55
E92000001,England,nation,2020-03-06,74,,,74
E92000001,England,nation,2020-03-05,46,,,46
E92000001,England,nation,2020-03-04,49,,,49
E92000001,England,nation,2020-03-03,52,,,52
E92000001,England,nation,2020-03-02,40,,,40
E92000001,England,nation,2020-03-01,18,,,18
E92000001,England,nation,2020-02-29,4,,,4
E92000001,England,nation,2020-02-28,11,,,11
E92000001,England,nation,2020-02-27,7,,,7
E92000001,England,nation,2020-02-26,1,,,1
E92000001,England,nation,2020-02-25,3,,,3
E92000001,England,nation,2020-02-24,2,,,2
E92000001,England,nation,2020-02-23,6,,,6
E92000001,England,nation,2020-02-22,0,,,0
E92000001,England,nation,2020-02-21,2,,,2
E92000001,England,nation,2020-02-20,0,,,0
E92000001,England,nation,2020-02-19,0,,,0
E92000001,England,nation,2020-02-18,0,,,0
E92000001,England,nation,2020-02-17,1,,,1
E92000001,England,nation,2020-02-16,0,,,0
E92000001,England,nation,2020-02-15,0,,,0
E92000001,England,nation,2020-02-14,0,,,0
E92000001,England,nation,2020-02-13,1,,,1
E92000001,England,nation,2020-02-12,1,,,1
E92000001,England,nation,2020-02-11,4,,,4
E92000001,England,nation,2020-02-10,1,,,1
E92000001,England,nation,2020-02-09,1,,,1
E92000001,England,nation,2020-02-08,3,,,3
E92000001,England,nation,2020-02-07,0,,,0
E92000001,England,nation,2020-02-06,0,,,0
E92000001,England,nation,2020-02-05,1,,,1
E92000001,England,nation,2020-02-04,0,,,0
E92000001,England,nation,2020-02-03,19,,,19
E92000001,England,nation,2020-02-02,1,,,1
E92000001,England,nation,2020-02-01,0,,,0
E92000001,England,nation,2020-01-31,0,,,0
E92000001,England,nation,2020-01-30,1,,,1
